,UST2Y,UST10Y,BEI10Y,TIPS10Y,BBB_OAS,HY_OAS,SPX,STOXX50,NIKKEI,EEM,TA35,KSA,ITA,JETS,XLE,WTI_FUT,BRENT_FUT,WTI_FUT_PCT,NATGAS,GOLD,GOLD_PCT,USD_BROAD,DXY,EURUSD,USDJPY,USDCHF,BTC,VIX,TLT,HYG,BDRY
2026-01-02,0.0,0.010000000000000675,0.0,0.010000000000000009,0.0,0.020000000000000018,0.18929140261167987,,,2.7581786005576703,,0.9838849766041324,3.3527262606711794,0.7807038173864189,2.080647069770869,-0.09999847412109375,-0.09999847412109375,-0.17430451682214354,-1.862049333467941,-11.5,-0.2652613164826789,-0.1167320997473631,0.14234816010221252,0.02701996718947608,0.20310689971685392,0.04167014856360507,1.357457013019392,-0.4399999999999995,-0.1492679317169454,0.04959816178864429,-3.5987680453401616
2026-01-05,-0.010000000000000231,-0.020000000000000462,0.009999999999999787,-0.030000000000000027,0.0,-0.020000000000000018,0.6334024511051695,2.175353762166665,2.923349937373132,1.0963839610016457,1.15799622093391,-2.116336930644991,1.9934220779056488,2.5132188347368967,2.680077961824434,1.0,1.0099983215332031,1.7295484831723051,-2.660849550753408,121.89990234375,2.7765936481767284,0.01111923457335351,-0.15252586193081896,-0.39052493947448474,0.1644751132384492,0.17282543286772645,2.6651498381363936,0.39000000000000057,0.49286627416309514,0.25998045026902616,3.027009041622719
2026-01-06,0.010000000000000231,0.009999999999999787,0.010000000000000231,0.0,-0.010000000000000009,-0.020000000000000018,0.6177592003892229,0.13664733827738473,1.313428698078134,0.7359384384090895,2.8235991768701396,2.8209423504163222,1.6335343055887463,0.4814293686992155,-2.7019908464124054,-1.1899986267089844,-1.05999755859375,-2.0615691035027695,-5.035258253141506,44.60009765625,0.9969258025547489,0.1349207117455009,0.3149661637507961,0.08782538878941148,-0.2314886014677775,-0.16398329767219055,-0.16366097114985934,-0.15000000000000036,-0.20602079780625004,0.024730217225688023,1.0268219034220483
2026-01-07,0.0,-0.02999999999999936,0.0,-0.030000000000000027,0.010000000000000009,0.0,-0.34458535710086835,-0.13867510148823925,-1.0645149229500106,-0.753530798512525,0.010145055252763768,-1.9359816629597404,-1.6644433855335983,-0.41250980205602694,-1.123727411427211,-1.1399993896484375,-0.7400016784667969,-2.015625809381838,5.092014594973748,-33.60009765625,-0.750122895137828,0.07611017314435031,0.10138749022026161,-0.22817823442597418,0.03446189749283235,0.428316120009159,-2.6168967250152164,0.6300000000000008,0.5826281827966184,-0.024730217225688023,-0.22727802204074443
2026-01-08,0.020000000000000018,0.040000000000000036,0.0,0.040000000000000036,0.0,-0.03000000000000025,0.007654532942247272,-0.3255021405943026,-1.6390063450527848,0.03517491809024165,-0.39706552414671137,1.367262218594023,0.44949353924774726,-0.10339717030269924,3.0979749826968384,1.7699966430664062,2.0300025939941406,3.11233321864659,-3.4048305605694607,-1.7998046875,-0.04033989314411457,0.18211199041484605,0.2530237666159785,-0.09814279491846545,0.03255159073649594,0.26990559593634555,-0.3081466892755458,0.06999999999999851,-0.5024590255220396,0.07416288573942609,3.9045715671451653
2026-01-09,0.04999999999999982,-0.010000000000000675,0.009999999999999787,-0.020000000000000018,-0.020000000000000018,-0.019999999999999574,0.6454611138320132,1.5653492857648388,1.5964857554806144,0.473644358393166,0.7083505768855858,0.13570157596718424,2.4067228618909198,1.6076943463315452,0.2574533394240408,1.3600006103515625,1.3499984741210938,2.3272793047802054,-7.241610529256937,40.19970703125,0.8971606907573815,0.10910821561953554,0.2019559918039704,-0.16217000708161067,0.09502350539563054,0.17035556025836174,-0.5662930149506806,-0.9599999999999991,0.6618027750074695,0.0740985061558952,-3.224292090496128
2026-01-12,0.0,0.010000000000000675,0.010000000000000231,0.0,0.0,0.0,0.15763900591814206,0.313467050420968,,1.3903582518312696,0.6809688959215521,2.543987188485941,1.5249919827313718,-0.7493199771924086,-0.7095998430619588,0.3800010681152344,0.529998779296875,0.6407053978540134,7.3002917236045795,113.80029296875,2.4969547666849223,-0.18791324889155803,-0.2727378285224624,-0.2933539348951075,0.80564267298735,0.31439884580701516,0.40163809626800884,0.629999999999999,-0.29613021468453127,0.049371656521657314,-1.365218470795293
2026-01-13,-0.010000000000000231,-0.010000000000000675,0.009999999999999787,-0.020000000000000018,-0.010000000000000009,0.009999999999999787,-0.1941005588207645,0.22464109650179864,3.05130129768596,-0.7449152099241907,-0.44561543725336605,1.0259182337248873,0.41763871036719635,-1.689403286668023,1.4142079413038466,1.6500015258789062,1.6000022888183594,2.7353574534645375,0.29291147807923856,-15.60009765625,-0.33862493362128987,0.1201819614381705,0.2727378285224624,0.37149851574287684,-0.10312661415792235,-0.521114880694748,4.428028503147807,0.8600000000000012,0.1709516943824596,0.0,-0.1031439539679102
2026-01-14,-0.020000000000000018,-0.02999999999999936,-0.009999999999999787,-0.019999999999999796,0.0,0.009999999999999787,-0.5347633584134925,-0.4118081559377984,1.4683134213456128,0.4164532861891779,1.5809741673038502,0.0,0.6796797243146635,-1.2596409076057746,2.2302657172775575,0.8699989318847656,1.0499954223632812,1.412703396697701,-9.15151192957875,36.60009765625,0.7926601145666012,-0.15527267880326434,0.0,-0.2097944603486085,0.7522986928945485,0.45671727335793444,1.6723797821878605,0.7699999999999996,0.5790559828186659,0.0,3.592529230815833
2026-01-15,0.050000000000000266,0.019999999999999574,0.0,0.019999999999999796,-0.010000000000000009,-0.04999999999999982,0.25766039204437874,0.599200912313691,-0.425499557945308,0.5870185229287728,0.8857217086097435,-0.5774226117057246,0.8535151872461455,2.2629325299816205,-0.940742285658791,-2.8300018310546875,-2.759998321533203,-4.670433555197562,0.25608642488839095,-12.0,-0.25919619439740416,0.03450736191288328,0.19148652293781154,0.032606295146533903,-0.4893300434130943,-0.1611794124678656,-1.4320038274755476,-0.9100000000000001,-0.022649765189708404,0.0,4.752509779533476
2026-01-16,0.029999999999999805,0.07000000000000028,0.040000000000000036,0.030000000000000027,-0.010000000000000009,-0.06000000000000005,-0.06425086684505033,-0.19369301317411214,-0.3226906914335359,-0.37944375025933397,0.21372704543765053,-0.4220524334216158,1.0557224123044051,-0.1377851011874487,0.16788674876813126,0.25,0.3699989318847656,0.42147918044532773,-0.802446789672695,-28.30029296875,-0.6139510703624396,0.07389237791066705,0.07045412716246702,-0.3209252381250832,0.12239842335057816,0.4615971788910711,-0.027287855188973253,0.019999999999999574,-0.5791788435714373,0.06167325577610683,3.3198137159645036
2026-01-20,0.010000000000000231,0.05999999999999961,0.0,0.06000000000000005,0.0,0.08000000000000007,-2.0842460953261366,-0.5709954906071957,-1.1118492659143442,-0.9723944602449741,-0.5153372448281957,0.29034412633555107,-2.437478366748369,-2.548574071444598,-0.18889743328331932,0.9000015258789062,0.7900009155273438,1.5027858954032247,23.040047117754312,170.39990234375,3.640959099230656,-0.5329631998318263,-0.7574646170517063,0.12212971236852388,0.4066992477367748,-0.10396962918142183,-4.692425505482234,1.25,-1.318450162783602,-0.2593063041930854,4.3919192120352335
2026-01-21,0.0,-0.040000000000000036,0.009999999999999787,-0.050000000000000044,-0.010000000000000009,-0.040000000000000036,1.1521117633559896,-0.15626715021053172,-0.40932202667267603,1.6440570195205062,-0.41164362887666783,0.944394795603154,0.9912917132508525,2.3415365064074933,2.3872468262761792,0.279998779296875,0.31999969482421875,0.4629617750091519,22.135027177850162,71.7001953125,1.4932685452999195,-0.08576624367915286,0.12158334390806047,0.7594187300257405,-0.009483111121610932,-1.057092145166441,1.1999327760149114,-3.1900000000000013,0.7587942088915334,0.296303294764666,-1.6740920834589001
2026-01-22,0.009999999999999787,0.0,-0.029999999999999805,0.030000000000000027,-0.019999999999999907,-0.04999999999999982,0.5472500707902839,1.2381225945905072,1.7175317478617558,0.7524017109962422,1.0390411199438176,1.6315293194944847,-1.869447557857562,-0.24209454074015646,0.32766739876408657,-1.2599983215332031,-1.1800003051757812,-2.1004244868480626,3.4277564478446543,75.89990234375,1.5568088290665472,-0.1231663030540453,-0.4058462554227482,-0.46917963581412647,0.1857071782854547,0.8689180566996774,0.09560777691035582,-1.259999999999998,0.43429197723821034,0.07393414688676714,-0.6975583430984589
2026-01-23,-0.009999999999999787,-0.019999999999999574,0.009999999999999787,-0.030000000000000027,0.009999999999999898,0.040000000000000036,0.03268164274814467,-0.1338958327863793,0.29381961847612104,0.6283436321487201,0.33593142117673835,0.2052811030532009,-0.3185459920007183,-1.1142166193409686,0.5708451457657748,1.7099990844726562,1.8199996948242188,2.840013309656886,4.458102851300683,66.30029296875,1.3403540833319738,-0.2508256464887282,-0.7756745768232598,0.6969632403706044,0.028403491914019696,-0.9322723031811836,0.0462901330921639,0.4499999999999993,0.27331512289840987,-0.04928649139026575,3.5367110698028448
2026-01-26,-0.040000000000000036,-0.020000000000000462,0.0,-0.020000000000000018,0.0,0.009999999999999787,0.4993594260159995,0.161256701750645,-1.8019825798463174,0.16914495901394488,0.4759607007994049,1.5263646550865761,-0.7215325986917875,-0.8438860722348895,0.060974687471215816,-0.4399986267089844,-0.29000091552734375,-0.7230904537314231,25.39439427900414,102.7998046875,2.043357904047838,-0.7133177689121695,-0.5754203714711359,0.87957616104897,-2.126543317019536,-1.4206874474345654,1.9388940551312572,0.05999999999999872,0.4765134633284873,0.04928649139026575,5.8123190698629035
2026-01-27,-0.03000000000000025,0.020000000000000462,0.020000000000000018,0.0,0.0,0.020000000000000018,0.4073587840441206,0.615611711682007,0.844091197296315,1.95806105167744,0.09258142756181087,1.279330942787027,1.5476496485926639,-1.6376267790069399,0.9101022490992872,1.7599983215332031,1.9800033569335938,2.861515863927,2.23943928058028,0.10009765625,0.001969437689552933,-0.509714706008424,-0.8486025112438789,0.151901214885089,-0.5363479549185257,-0.08102592598205338,0.9420276564581442,0.20000000000000284,-0.6244646095730388,-0.012321695518480169,2.518124864782445
2026-01-28,0.03000000000000025,0.019999999999999574,0.020000000000000018,0.0,-0.009999999999999898,0.010000000000000231,-0.008172639170034302,-1.029364036441649,0.0471859492456872,0.6771845960940936,-0.7214156077957057,0.04983916918996911,-1.4149082611127461,-0.6120633789576946,0.7621398262824375,0.8199996948242188,0.8300018310546875,1.3057505660454716,7.023838629209678,221.0,4.2562892774366645,0.05056093807178641,0.23874587530183788,1.1815434779079452,-1.2275663354524013,-1.822905456504481,0.09198645005419337,0.0,-0.22805548754956106,-0.16028269771597436,-2.2452671515398315
2026-01-29,-0.03000000000000025,-0.019999999999999574,-0.009999999999999787,-0.010000000000000009,0.009999999999999898,0.04999999999999982,-0.12934674424620596,-0.6976683755301138,0.031649850447124095,-0.5115967537677513,-0.041960946017916,-0.6749193559307365,-0.3901664905105129,2.60217688835791,0.9148812731890832,2.2099990844726562,2.30999755859375,3.436549212071238,-64.39741041882081,14.7998046875,0.27866342053499693,-0.06137442292359907,-0.17641074747167806,-0.33233987290886,0.42087591183319617,0.33225564529747453,-5.322794950408394,0.5299999999999976,0.02283332086348011,-0.012342982985114048,4.180237949340571
2026-01-30,-0.009999999999999787,0.019999999999999574,0.009999999999999787,0.010000000000000009,0.0,0.029999999999999805,-0.4311179414457911,0.9436048797999419,-0.09887679296696206,-2.2420216089521716,0.6213532122680832,-0.02508045062841191,-0.17198125029054268,-1.6675898455781546,1.0634226416154302,-0.20999908447265625,-0.01999664306640625,-0.32151767555852473,10.551366869862889,-573.2998046875,-11.405996064111967,0.3909255966032532,0.7347258143992619,-0.10056130060191182,0.04310713415076606,-0.1738337779974175,-0.5132847429548448,0.5600000000000023,-0.5608089011881923,0.11101322933280144,0.4345960104951807
2026-02-02,0.04999999999999982,0.03000000000000025,-0.009999999999999787,0.040000000000000036,-0.019999999999999907,-0.06999999999999984,0.5376785277363183,0.9987219770772882,-1.2600360676755074,0.3041061802215417,1.1337561707888355,-0.17576826492131659,-0.5263856475012929,3.4461902639119746,-1.9783039148045134,-3.0699996948242188,-4.3899993896484375,-4.8222923222733804,-29.6448012430919,-92.5,-1.9686303122442794,0.3905016591454924,0.6372095059648863,-0.978783977912942,1.3231266021549004,1.189890120445386,2.2026908157821268,-1.1000000000000014,-0.6678907838116643,-0.43240058085673994,-2.9038549850336715
2026-02-03,0.0,-0.009999999999999787,0.009999999999999787,-0.020000000000000018,0.009999999999999898,0.040000000000000036,-0.8439495590662816,-0.20261291503995693,3.8476724129820283,0.5383588073635259,1.7258077347038991,-0.5544399762786423,1.430283918792874,1.44134297345615,3.185481634392673,1.0699996948242188,1.029998779296875,1.707260785760667,2.2603319992062554,282.39990234375,5.892644877203068,-0.3253826960344597,-0.1743124422765696,-0.42683305772816815,0.1551593435112686,0.7020659598877488,-3.9600469374978076,1.6600000000000001,0.24233936986970406,-0.06191767245269375,-5.978788326994122
2026-02-04,0.0,0.009999999999999787,-0.009999999999999787,0.020000000000000018,0.010000000000000009,0.009999999999999787,-0.5085300155014849,-0.41584977906943266,-0.7839413158949426,-1.3513706539888481,0.016982521257880023,0.15151864695006623,-2.8067337525379266,1.5551330503224658,2.220193897398648,1.9300003051757812,2.1299972534179688,3.007628847793775,4.546231647033561,15.7998046875,0.31964673475908256,0.2402677117162355,0.18455895773756836,0.14758521488129617,0.22876281176573698,-0.41806924621561325,-3.5170615941758854,0.6400000000000006,-0.2538965204991861,-0.12395994107725627,2.8039237143759
2026-02-05,-0.09999999999999964,-0.08000000000000007,-0.03000000000000025,-0.050000000000000044,0.010000000000000009,0.11000000000000032,-1.232667785383157,-0.7526830795312023,-0.879321481430928,-0.4602419482315767,-1.9977270371802192,-1.0399582261826357,-0.8014518893516787,-1.1471116324805575,-1.1805215948615277,-1.8499984741210938,-1.9099960327148438,-2.881143722543822,1.2618506667420926,-61.2998046875,-1.2459091462842409,0.20543705665412304,0.20466333969979544,-0.12280419667085318,0.7150361515424919,0.19960713854386136,-15.233440803044651,3.129999999999999,1.0803488806314654,-0.11170211081772408,-1.2987227123501643
2026-02-06,0.029999999999999805,0.009999999999999787,0.020000000000000018,-0.010000000000000009,0.0,-0.10000000000000009,1.9504344282200492,1.2193894256165905,0.80621089341264,2.5971121334629643,0.31789170151874657,1.3422989207635183,3.3690783935305113,5.576244265584229,1.972377470255271,0.2599983215332031,0.5,0.4099632377315032,-2.510595913414404,90.2998046875,1.829964159638564,-0.22192748019520536,-0.19442568864249665,-0.2016085172584836,-0.08480104973882518,0.0501595737316729,11.80031814334761,-4.009999999999998,0.0685608038844876,0.3470919384582771,-0.5618031684786473
2026-02-09,-0.020000000000000018,0.0,0.010000000000000231,-0.009999999999999787,0.0,-0.03000000000000025,0.4680117860122124,1.0053630997665763,3.815879881114803,0.7298069113827133,1.6618809429703063,-0.7322363707274349,0.38825216056945777,-0.5470651691642736,0.7297242445278407,0.8100013732910156,0.9899978637695312,1.2665345977460163,-8.663949744660272,99.60009765625,1.9803434786085816,-0.5100064090101775,-0.8331213745460531,0.4059767058934599,0.2929719917177387,-0.2407468224134901,-0.2050715421969329,-0.40000000000000213,-0.022854190365517724,0.13602996379109555,2.7779582507120537
2026-02-10,-0.029999999999999805,-0.05999999999999961,-0.03000000000000025,-0.030000000000000027,0.020000000000000018,0.020000000000000018,-0.3309182284509049,-0.19741685098075834,2.2569980005970436,0.14862550001870645,1.7731263419678456,-0.5845728840319975,-0.6965051609389761,-0.35558664346613256,-0.11191487441313264,-0.40000152587890625,-0.23999786376953125,-0.6234457955889283,-0.7356502656807651,-48.39990234375,-0.9574353643483136,-0.10001667778247736,-0.020655555060233866,0.6596919769340209,-0.7096932463753092,-1.1290138759577684,-1.9103237589897404,0.4299999999999997,1.147416351689401,-0.09891424368726476,2.0787056179733643
2026-02-11,0.06999999999999984,0.019999999999999574,0.0,0.020000000000000018,0.0,-0.020000000000000018,-0.004895726995002292,-0.18902935752578287,,1.5717463383101204,-0.7917404696929253,-0.10201713830801928,-0.9738140329853096,-3.3254037655113144,2.579357612041422,0.6699981689453125,0.5999984741210938,1.0420783126097177,1.4026341160115363,67.5,1.3327607312962897,-0.05234450291595749,0.030985672447858548,-0.12134526577630977,-1.0624277618591194,0.1888405362141632,-2.6543221212374846,-0.14000000000000057,-0.5323091231119292,-0.012364083579985419,2.298945424833576
2026-02-12,-0.04999999999999982,-0.08999999999999986,-0.029999999999999805,-0.06000000000000005,0.010000000000000009,0.08000000000000007,-1.5784941386117524,-0.4042545355881444,-0.01856047118966586,-1.1436176781244534,0.722319051306819,-0.6399612492459905,0.6818020049189855,-1.8243779936080617,-1.8355875301483415,-1.7899971008300781,-1.8800048828125,-2.8086840962171955,1.819375416738933,-150.10009765625,-2.9882106550518373,0.06595809474703174,0.10321891194973176,-0.11407449746145826,-0.7883020690507614,0.33382596463402137,-1.1562368274834256,3.1700000000000017,1.3198970929933829,-0.04949995751060143,-1.2313206674383625
2026-02-13,-0.07000000000000028,-0.04999999999999982,-0.020000000000000018,-0.030000000000000027,0.010000000000000009,0.03000000000000025,0.04989646444464313,-0.43446098606914063,-1.2181335445070829,0.4262972884952809,-0.48655468057106077,0.5633849088579002,1.0012905086635548,0.10223441467216432,0.6830986382556414,0.049999237060546875,0.23000335693359375,0.07953430347287238,0.8049586106997131,97.89990234375,1.9590990507982298,-0.010039844578013657,-0.05160007584459336,-0.06412181154459573,-0.2927232984620609,-0.20639511632103424,3.9033769357155634,-0.21999999999999886,0.5476379724512981,0.07423603263507772,1.6674329343087546
2026-02-17,0.03000000000000025,0.009999999999999787,-0.010000000000000231,0.020000000000000018,0.010000000000000009,0.0,0.10307906306561421,0.7161297446831583,-0.42324441989496364,-0.4098702424206735,0.25172387432785825,-0.5633849088579002,1.3952547918609781,2.7214831164915854,-1.1100918484396871,-0.55999755859375,-0.3300018310546875,-0.8944278652807114,-6.760627201166436,-140.39990234375,-2.8216720261168504,0.17996861995825952,0.28860709310194466,-0.14824419525576726,0.5417892353465348,0.18077405188158813,-1.9788873300285559,-0.9100000000000001,0.16704889742999995,-0.049487711648321664,1.6400931587570167
2026-02-18,0.040000000000000036,0.040000000000000036,0.03000000000000025,0.010000000000000009,-0.020000000000000018,-0.08000000000000007,0.5550636821135768,1.344655954873275,1.0154865146340342,0.5243330073034791,0.8625113274499441,0.4611853185850556,0.8986702335595176,0.4299631636031531,1.8981474543422916,2.8600006103515625,2.9300003051757812,4.486324018953347,-0.6620342463000695,103.60009765625,2.089756719874103,0.08922655773790922,0.5542385987226339,0.016597545472374353,-0.29990533674340014,0.07793739367426555,-1.5963632260215022,-0.6699999999999982,-0.37904612205101884,0.12367810475932828,0.6825958405077603
2026-02-19,0.0,-0.009999999999999787,0.0,-0.010000000000000009,0.0,0.020000000000000018,-0.2826115391535211,-0.7193985663258573,0.5653685178701906,-0.24543530563745364,-0.527293891718017,-2.5632415981121426,1.3104497424944128,-4.040950004943111,0.7275432768495627,1.2399978637695312,1.3100051879882812,1.8842645884022957,-0.4994139416778731,-12.10009765625,-0.24183520713787487,0.3327716792577817,0.23514130362372043,-0.5330892187443675,1.0031146234689814,0.25933290566083067,0.7980125994704323,0.6099999999999994,0.1004788993479444,0.03706985296156873,-0.8539794097315312
2026-02-20,0.009999999999999787,0.0,-0.010000000000000231,0.010000000000000009,0.0,-0.020000000000000018,0.6915755702173954,1.1761328589297904,-1.1236605912792186,2.1073874811851745,0.5145341896547251,1.3027802446143877,0.06568477615180868,1.2634586163417616,-0.5451571439319736,-0.04000091552734375,0.09999847412109375,-0.06023327334538919,1.6879394624409239,83.5,1.6570634386726013,-0.20632695101809873,-0.13283326041291232,-0.16727172625489728,0.3014402677782968,0.4058100704762424,1.552899565663246,-1.1400000000000006,-0.2345966299136748,0.0740985061558952,0.5985455804441209
2026-02-23,-0.04999999999999982,-0.04999999999999982,-0.020000000000000018,-0.030000000000000027,0.020000000000000018,0.0900000000000003,-1.043995947145504,-0.284031389162287,,-1.1130022425838604,0.2680727044289455,-0.857932806156958,-0.9857576870584417,-3.311786249708426,0.4907770486935803,-0.0800018310546875,-0.2700042724609375,-0.12057549749364682,-2.0557765767651004,144.7001953125,2.808125044952625,-0.0442501889125424,-0.10230804321080811,0.5558699440543741,-0.5305355103048193,-0.4705764120336575,-4.60126731356425,1.9200000000000017,0.3684003037337291,-0.16061936017806033,0.3404336524247764
2026-02-24,0.0,0.009999999999999787,0.0,0.010000000000000009,0.010000000000000009,0.020000000000000018,0.7622488962383045,0.04382766750516964,0.8679941667208979,1.5611444480140513,-1.770518249729136,-0.3138049975828672,0.7638850953305187,1.0814669029642676,-0.09070849013408377,-0.6800003051757812,-0.720001220703125,-1.030781192656427,-2.372990498477212,-49.30029296875,-0.9479164880598745,0.005765501782573068,0.18406827010322147,-0.34615685408089514,0.19159546221700907,0.3273086058273367,-0.8340510438744175,-1.4600000000000009,0.17813817074694427,-0.07422710369873187,0.8460238815791943
2026-02-25,0.020000000000000018,0.009999999999999787,0.020000000000000018,-0.010000000000000009,-0.010000000000000009,-0.03000000000000025,0.8103433970129359,0.9230349689744344,2.1778003046273753,1.0958617406403803,-0.1464275571642304,-0.683319719116815,-0.7804633106259118,0.3117970767875011,-0.4182956861369824,-0.20999908447265625,0.0800018310546875,-0.3204872515121693,1.835542311393179,49.900390625,0.9593996324003484,-0.1504357446776794,-0.18406827010322147,-0.15791679800708502,0.8019046101646943,-0.06460417424102305,5.878816281087218,-1.620000000000001,0.011125227687269756,0.13602996379109555,-1.6136195452243207
2026-02-26,-0.03000000000000025,-0.03000000000000025,0.0,-0.030000000000000027,0.020000000000000018,0.040000000000000036,-0.5380026995567277,-0.19067504993373063,0.2902244975093282,-0.9522406292022723,-1.4834758030357165,-2.1053332143618153,0.6611073063353956,2.459978251147721,0.3275117705065611,-0.20999908447265625,-0.09999847412109375,-0.32151767555852473,-4.900918552768463,-32.0,-0.6141817855777276,0.11473516278606155,0.09208038736305824,0.338530804288234,0.2050706073399411,-0.20570351371964057,-0.7478610812400532,0.6999999999999993,0.3995931394848107,-0.08654225214277389,1.9500367027319054
2026-02-27,-0.040000000000000036,-0.04999999999999938,-0.029999999999999805,-0.020000000000000018,0.040000000000000036,0.1200000000000001,-0.4348795128036542,-0.37642253232146317,0.1647549541154092,-0.20751424553875353,0.650303526545315,0.1076638091637605,0.36995721099337686,-4.063914587250839,1.5680215871710423,1.80999755859375,1.7300033569335938,2.737821485519465,1.1255857696559568,53.69970703125,1.0285321903877431,-0.06948731118088247,-0.18423782465264438,-0.1027438593726615,-0.21855069977485542,0.14106528402992868,-2.358034539975762,1.2300000000000004,0.6074380187214068,-0.16091759821161844,1.3344639270150616
2026-03-02,0.0900000000000003,0.07999999999999963,0.040000000000000036,0.040000000000000036,-0.020000000000000018,-0.0900000000000003,0.03982754131346411,-2.498698718711445,-1.3567022834561016,-1.740859268768613,4.435618676159692,-1.6000242028644251,2.7758207735748996,-2.671574665295884,1.983072697528776,4.2100067138671875,5.2599945068359375,6.092309289771958,3.4717379224637357,63.7001953125,1.2065148545943316,0.7143693962052389,0.7857550009265246,-0.36992518169130517,0.4953750399467438,-0.4796630698594817,4.51739987422588,1.5800000000000018,-1.341259460225075,-0.5465882445470527,1.2350965769619915
2026-03-03,0.03999999999999959,0.009999999999999787,0.0,0.010000000000000009,0.0,0.050000000000000266,-0.9488908731311696,-3.660693034957063,-3.1107024732342836,-5.1378909195820555,,0.27299626893264595,-2.2601681005172125,-0.9795124661100107,-0.9158226241188672,3.3299942016601562,3.660003662109375,4.569001251480476,3.1262893096841493,-187.89990234375,-3.60162540889597,0.6443503655241933,0.6787300505735061,-0.5301246967732876,0.3975972486983004,1.1858777595146142,-0.7035921401254086,2.129999999999999,-0.2010727936783141,-0.19949636440967922,2.265466871302202
2026-03-04,0.03000000000000025,0.03000000000000025,0.0,0.030000000000000027,-0.030000000000000027,-0.10999999999999988,0.7726125740148859,1.7039478496545968,-3.6801606322272917,1.0726264106491357,-0.13726911165541367,2.104201686759577,0.8090319584758809,-0.4018292542960378,-0.5855785231496213,0.100006103515625,0.0,0.13403849037709747,-4.589646447238893,11.0,0.21445846910062016,-0.3049000159165871,-0.2830923022180798,-0.7295832625916182,0.3275825631612328,0.4113739480796519,6.2670110543622926,-2.4200000000000017,-0.31358383455346583,0.34886500850426216,-4.835027375279255
2026-03-05,0.029999999999999805,0.040000000000000036,0.020000000000000018,0.020000000000000018,0.010000000000000009,0.029999999999999805,-0.5662707772703612,-1.5107756015460438,1.8855299560579297,-2.434124574055474,1.0669883363894073,-0.5621727750241945,-2.8461328552731757,-4.645028939910167,0.514780439613105,6.349998474121094,4.010002136230469,8.162810767543593,2.9056086139906068,-56.0,-1.0966095335188442,0.41720015524884246,0.5553076634659426,0.20109002290503164,-0.5019729271166895,-0.35488601018016375,-2.6047184090687736,2.6000000000000014,-0.4046320069620357,-0.39880372912302064,-3.3293675551288704
2026-03-06,-0.009999999999999787,0.020000000000000462,0.040000000000000036,-0.020000000000000018,0.020000000000000018,0.1299999999999999,-1.3365720432496175,-1.0952275719544602,0.618188902623551,-0.5393686346689464,0.017676018357626333,-0.4304549210079056,0.8958270367308785,-2.8389989047763464,0.1592218880301033,9.889999389648438,7.279998779296875,11.518738775741966,5.915444962397776,80.0,1.562928584170642,-0.06467014894973033,-0.3328144215863027,-0.23707822306563986,0.3503756170397665,0.1936088311313866,-3.892676222985436,5.739999999999998,-0.3723579264828025,-0.48820198263328507,-9.652623272045924
2026-03-09,0.0,-0.03000000000000025,-0.010000000000000231,-0.020000000000000018,0.010000000000000009,0.06000000000000005,0.8269871665389061,-0.6084964411062543,-5.33976934286855,1.9522103335034124,-3.0213082072542363,3.079616465705559,-0.08673928300266809,1.643229734239915,-0.44290975292238244,3.8699951171875,6.269996643066406,4.169285009042234,-2.0933280470187166,-55.0,-1.071884247370214,0.02016684936636537,0.19175707865262126,-0.7332555974364441,0.5652645440659576,0.07171425064749215,3.6210883133673377,-3.9899999999999984,0.8666881442629837,0.6005219169260556,-1.9305600232920828
2026-03-10,0.009999999999999787,0.03000000000000025,-0.009999999999999787,0.040000000000000036,-0.010000000000000009,-0.1299999999999999,-0.21374025058875645,2.6379735726498765,2.8413071146895064,0.3927257504525272,-0.9281076723020476,0.07839744234114931,-0.942484500662033,-1.643229734239915,-1.2866532618511783,-11.319999694824219,-11.159996032714844,-12.720525452225395,-3.2576140070554427,138.39990234375,2.6756394882401224,-0.6628617382223645,-0.3535163222568194,0.8122175820436117,-0.36613414340171957,-0.4284537125060689,2.20430630536832,-0.5700000000000003,-1.0703775972285001,-0.16228360613057546,-0.29283268344419966
2026-03-11,0.07000000000000028,0.05999999999999961,0.029999999999999805,0.030000000000000027,0.030000000000000027,0.029999999999999805,-0.08379521856358707,-0.7305791379057069,1.4221045401468402,0.25530015254116023,0.567863562153903,-0.44508037946653367,-0.4347868714661196,-0.5141441774763944,2.451714722332987,3.8000030517578125,4.180000305175781,4.452994754458839,6.070257153040148,-63.0,-1.2090885178727362,0.4730822977024651,0.4039200840566082,-0.05110465032665823,0.16836915138327413,0.08968702512168747,0.39671408310244516,-0.6999999999999993,-1.2997553875873535,-0.2251411876060594,4.491918842581999
2026-03-12,0.11999999999999966,0.05999999999999961,0.020000000000000018,0.039999999999999813,0.030000000000000027,0.08000000000000007,-1.534480818949291,-0.7933469107241464,-1.0457144565446441,-3.247825671102511,-1.57098188735727,-0.5525578552254107,-3.0587012188918017,-4.045859353594894,0.9258495504010256,8.480003356933594,8.479995727539062,9.2754202942408,0.745111453105185,-53.30029296875,-1.0344742558356046,0.4468221386326299,0.5126356944010091,-0.588116697806243,0.6059488126355816,0.405305937355549,0.410208851035776,3.0599999999999987,-0.1952768047448039,-0.6406681535154668,-2.8437954174627578
2026-03-13,-0.029999999999999805,0.010000000000000675,-0.020000000000000018,0.030000000000000027,0.029999999999999805,0.10999999999999988,-0.6077546398502776,-0.5630868035257919,-1.1699339635105943,-0.2637390994771671,0.7547152507493493,-0.7947142535075002,-0.933109713648772,-0.7043744945879116,0.3298370196563205,2.9799957275390625,2.6800003051757812,3.065448512993285,-3.205805538623663,-64.099609375,-1.2584138459256877,0.606638587677466,0.6196948879858333,-0.1868285908365408,0.08231513371326216,0.4594542231495857,0.6712861238543866,-0.09999999999999787,-0.49565002616063225,-0.18921674546064082,0.8616631121610929
2026-03-16,-0.04999999999999982,-0.04999999999999982,0.0,-0.04999999999999982,0.010000000000000009,-0.009999999999999787,1.0079909746819382,0.39107323074123457,-0.12728542242381735,2.7437071426805737,-0.01292791427207618,1.8706984745398003,1.501705713237822,2.1798136205270158,0.34602241960692837,-5.209999084472656,-2.9300003051757812,-5.422481286023562,-3.510273931800456,-59.5,-1.1824579132619917,-0.3779786489432446,-0.6497763921042399,-0.7541187420557344,0.22711995476409896,0.5814880404338696,2.805680610892658,-3.6799999999999997,0.7712247364953129,0.31515942835920185,1.701367187482905
2026-03-17,0.0,-0.03000000000000025,0.010000000000000231,-0.040000000000000036,-0.020000000000000018,-0.04999999999999982,0.24911493849533173,0.5255408652924842,-0.09447573616583327,0.6317769302389031,1.5545128238064976,-0.33991682686789204,0.03864909092010649,1.9738798963269577,1.0480240180664069,2.7099990844726562,3.2099990844726562,2.8571856562604303,0.3302509762716177,6.0,0.11987533933446315,-0.22023117327210073,-0.1304604056988623,0.5618921196097693,-0.2905786046780712,-0.23701051774734916,-1.2617278563277878,-1.1400000000000006,0.27481738265056066,0.45209247260116214,-2.2749774191880956
2026-03-18,0.07999999999999963,0.05999999999999961,0.029999999999999805,0.030000000000000027,-0.010000000000000009,-0.020000000000000018,-1.3700999383731371,-0.5631793171380295,2.825616280478016,-2.0463247146675023,1.2329135142920222,-1.1591241875799962,-0.6331730339794284,-1.9332037563871474,-0.13681893240331533,0.1100006103515625,3.9599990844726562,0.11426855349121467,1.0495361866183384,-112.0,-2.261717416161879,0.07907895126981757,0.5108385040950125,0.3467361197454222,-0.13584419212673282,-0.41708380309615767,-3.688417423341761,2.719999999999999,-0.5618934282626498,-0.5150391826979295,2.5557425370068554
2026-03-19,0.03000000000000025,-0.009999999999999787,-0.029999999999999805,0.019999999999999796,0.0,0.06999999999999984,-0.27525826238985474,-2.1677086272706703,-3.438022095001969,0.10418052415586132,0.23069221384552918,-0.37165746009191203,-1.7918671695126065,0.4058462554227482,1.5791147352052448,-0.18000030517578125,1.2700042724609375,-0.18705222749133554,3.242133845970141,-290.5,-6.116472469151013,0.2104055704891472,-0.8629322886787527,-0.6521516092985291,0.5685839421312622,0.9965854966710652,-1.8884161047628467,-1.0300000000000011,0.6076244416509446,0.3269236254536345,-6.566058230045746
2026-03-20,0.08999999999999986,0.13999999999999968,0.009999999999999787,0.1299999999999999,-0.019999999999999796,-0.029999999999999805,-1.5253934307770223,-2.025245657751462,,-3.4967355033564296,0.20490066759286663,-2.204982382710563,-2.116203144330253,-2.4601502026755373,-0.08426601362323538,2.1800003051757812,3.5400009155273438,2.242200603663136,-2.268101113629206,-30.80029296875,-0.6709890029016563,0.07943244896155832,0.4223640215211155,0.9815664723191536,-1.1777853135426675,-0.49705505382177106,0.8684431647449031,2.7200000000000024,-1.9155859637686845,-0.9332965772232527,-0.09985251492676817
2026-03-23,-0.04999999999999982,-0.04999999999999982,-0.04999999999999982,0.0,0.0,-0.050000000000000266,1.1388109095072707,1.3189551897623275,-3.5413711770964085,2.9572796440560545,0.09893477645697146,2.8940975915597633,0.3543357919784107,3.427508681591762,0.5380872042299423,-10.19000244140625,-12.25,-10.941449620742727,-6.8185441130549584,-167.60009765625,-3.732260647233332,-0.2819168872416178,-0.7049420764024816,-0.15039167260879893,0.8260898679734119,-0.11163868340008098,4.425119303469849,-0.6300000000000026,0.6503304242087893,0.6567392516611648,-0.20000464430798282
2026-03-24,0.06999999999999984,0.04999999999999982,0.0,0.050000000000000266,-0.020000000000000018,0.0,-0.37495954593200764,0.12496341905503527,1.4201044398193474,-1.3880586610676815,-1.1791946976488887,-0.3704671774972912,-0.31839606490553507,-0.4019313329350016,2.0088648851716684,4.220001220703125,4.549995422363281,4.677272417601852,1.782702157327476,-5.2998046875,-0.12032296424013822,0.16028888749515247,0.4839240854074056,0.4054317443303812,-0.47526607425139034,-0.1804019560235154,-0.5613991531696172,0.8000000000000007,-0.4408327905331966,-0.3404634414419405,-1.9202164610100159
2026-03-25,-0.06000000000000005,-0.05999999999999961,-0.020000000000000018,-0.040000000000000036,0.0,-0.020000000000000018,0.5404493759948892,1.2117028415856268,2.8253067385401565,1.5798076888649426,0.970089048950129,1.786700920262918,1.435922652166166,1.8751769130341156,-0.4447753944653243,-2.029998779296875,-2.2699966430664062,-2.22267736598889,0.3053377962763504,150.2998046875,3.357357374063774,-0.0010821713518183174,0.17082672092483264,0.06502102683340061,0.15069401893645917,0.2032479703558021,1.1168924480813303,-1.620000000000001,0.9603709438934516,0.3152786592566237,2.0202687854778745
2026-03-26,0.1200000000000001,0.08999999999999986,0.029999999999999805,0.06000000000000005,0.020000000000000018,0.040000000000000036,-1.7559440961209205,-1.4872849635164442,-0.27194839402699955,-3.45502867304317,-1.102799331787807,0.026033905509459387,-2.5742510988813194,-1.1528611536624211,1.5562616683822306,4.160003662109375,5.790000915527344,4.50292909571548,1.5796050148612961,-176.0,-3.942898294597974,0.2168660721260096,0.3007551658087415,-0.4588832859259456,0.41873444924052095,0.4494949937291465,-3.5952918807415912,2.110000000000003,-0.844174704320455,-0.6315544694758479,0.0
2026-03-27,-0.08000000000000007,0.020000000000000462,-0.029999999999999805,0.04999999999999982,0.029999999999999805,0.20999999999999996,-1.686323194605066,-1.086207167325881,-0.4310816124595718,-0.48793889692726466,-3.8687091070757518,-1.3102912881965079,-1.8709285361328654,-3.5819909183869125,1.676378555035818,5.159996032714844,4.55999755859375,5.317547684867918,3.150899144589836,116.2001953125,2.620576577664835,0.41123411020347334,0.24993764191911794,-0.22865769599887398,0.20056672470900594,0.394649302184813,-3.6313469685207878,3.6099999999999994,-0.5473099201581455,-0.25373897021143677,-0.7024584204258222
2026-03-30,-0.06000000000000005,-0.09000000000000075,0.0,-0.08999999999999986,0.020000000000000018,0.040000000000000036,-0.39535538333570486,0.6515513737411993,-2.8260174078100775,-0.8185598407806083,-1.9095251316063155,2.2947579550784525,-2.460119928689952,-2.0515678137968063,-0.963711741607387,3.2399978637695312,0.20999908447265625,3.19995495239489,-6.956998563038397,33.5,0.7429207535770033,0.3303464784375265,0.35881689427954555,-0.37419809916972024,0.3313137442384928,0.6422152738585596,1.1105181731210223,-0.4400000000000013,1.3223709709025755,0.11425931362785136,0.10064696637344106
2026-03-31,-0.029999999999999805,-0.04999999999999982,-0.010000000000000231,-0.040000000000000036,-0.030000000000000027,-0.18000000000000016,2.871489330980026,0.5029014975962198,-1.5971903276906119,3.658290131400843,1.8824405120147603,2.4447336046316437,3.7067179876896894,4.102501133951719,-1.1361926767001762,-1.5,5.569999694824219,-1.4687427840109457,-0.10396885027648128,121.60009765625,2.6512431127411418,-0.20642124925318583,-0.5487149482743092,-0.27886834950053563,-0.24556139250524467,0.010008131335606518,2.2856210162577995,-5.359999999999999,-0.10376012605242124,0.9471561912241633,0.30136323034550827
2026-04-01,0.020000000000000018,0.03000000000000025,0.010000000000000231,0.020000000000000018,-0.029999999999999805,-0.11999999999999966,0.7142945003758783,2.8841786206617925,5.107740261389537,0.77179584117264,,-0.45385934153094887,2.21080881915503,2.5652761456188333,-3.8098213292741434,-1.2599945068359375,-17.18999481201172,-1.2506311955777782,-2.2796027085637105,165.5,3.49904091181763,-0.7590181856500955,-0.3106034836628524,0.9916087449610367,-0.7926733761926208,-0.2816905268042347,-0.22706442540201266,-0.7100000000000009,-0.4972549058323672,-0.23909255918459493,3.4987509617008694
2026-04-02,-0.020000000000000018,-0.020000000000000462,0.029999999999999805,-0.050000000000000044,-0.010000000000000009,0.009999999999999787,0.1120248136237123,-0.6975627449534727,-2.403834599081911,-1.124593457153722,,-0.48131473507604383,-0.7765702658709905,-1.3546029738235266,0.47369193024193734,11.419998168945312,7.8699951171875,10.801378517299653,-0.6762814010530027,-133.39990234375,-2.810734041002405,0.31850707742844264,0.38060668225332606,0.14130283252830889,0.06871738563374308,-0.4624332109363777,-1.7634149228875629,-0.6699999999999982,0.6125402220203746,0.23909255918459493,1.2033839784693967
2026-04-03,0.04999999999999982,0.040000000000000036,0.020000000000000018,0.020000000000000018,0.0,-0.040000000000000036,,,1.2505874189827182,,2.179063259516134,,,,,,,,,,,0.127301657807255,,-0.422153973874273,0.5047444847456006,0.5877244854401553,0.06356502125015595,,,,
2026-04-06,0.0,-0.009999999999999787,0.0,-0.010000000000000009,-0.020000000000000018,-0.08000000000000007,0.44170131316043637,,0.5447716125082991,0.9146949513261227,1.401348774249911,-0.3306656105853456,1.4716971943648183,0.24038259111507365,0.7231180993799491,0.8700027465820312,0.7399978637695312,0.7769654882380905,0.39209304493608155,5.0,0.1067874133223512,-0.18773334776573947,-0.04999292322445115,-0.2754691613357063,0.18103839516454556,0.3150466719719802,-0.1771166793332668,0.3000000000000007,-0.16143844336227176,0.1758124206189038,-5.003498170515774
2026-04-07,-0.029999999999999805,-0.009999999999999787,0.010000000000000231,-0.020000000000000018,0.010000000000000009,0.07000000000000028,0.075896003312792,-1.0531481192955994,0.029723745970855475,0.34959091620789806,,-1.2046825891558477,-0.8472710201473888,-0.8035352709508725,0.8010716096176651,0.5399932861328125,-0.5,0.4792281843498891,2.0771659296024314,0.0,0.0,-0.09154717852482008,-0.3406515293062462,0.270841872414912,-0.06072698611703231,-0.3814329142119405,4.376925008865129,1.6099999999999994,-0.011543812324710245,0.0250963151369632,4.907756380779915
2026-04-08,-0.020000000000000018,-0.040000000000000036,-0.040000000000000036,0.0,-0.030000000000000027,-0.18000000000000016,2.4772038357184556,4.8534655833860185,5.247998867014125,5.317596215683196,,1.9661056586299352,3.895368155104073,5.493729593286645,-3.5702982104115044,-18.539993286132812,-14.519996643066406,-17.929817736150344,-5.221061001179561,92.5,1.95527205163053,-1.0530652132525908,-0.5131591930476631,1.251959394321975,-0.607412841160837,-0.9694714042168956,-1.142638659290185,-4.740000000000002,0.322653867420275,0.5878338607231193,1.5209494844409477
2026-04-09,-0.010000000000000231,0.0,0.009999999999999787,-0.010000000000000009,0.0,-0.040000000000000036,0.61510668695135,-0.28925624968021424,-0.7363451895447071,-0.26507611752348836,2.6014229578036563,0.2020759231373681,-0.17675243046353373,-0.3059272824083692,-1.2480616141953504,3.4599990844726562,1.1699981689453125,3.599305696745514,-2.0022878898179886,40.7998046875,0.8504262496240145,-0.13430864594692338,-0.31320820085305456,-0.23346595046965235,-0.04663826208632926,0.1264366204401457,0.9020473987913391,-1.5500000000000007,-0.2534285734808073,0.11216594583602912,-2.8710123352192696
2026-04-10,0.03000000000000025,0.019999999999999574,0.020000000000000018,0.0,-0.010000000000000009,0.040000000000000036,-0.11391696991402966,0.5044641985380238,1.8238304924274473,0.4634278297984018,1.8815613297885392,0.15127980400126972,-0.9189467117570516,-0.8461635898551645,-0.6826021127469772,-1.3000030517578125,-0.720001220703125,-1.337196468262647,-0.8273862191609527,-30.60009765625,-0.6371458031123822,-0.037517613108573045,-0.172176239317956,0.27319920379857143,0.2958273171802084,-0.06699292944778723,1.6736071453527401,-0.259999999999998,-0.24250729681849492,-0.3994010540185222,3.809980988863426
2026-04-13,-0.03000000000000025,-0.009999999999999787,0.020000000000000018,-0.030000000000000027,0.0,0.010000000000000231,1.0121875493741328,-0.35651482651353206,-0.742931103785871,0.8386110432167193,-1.3712141566314173,1.251894209659632,1.3709797132926305,-0.30947771500118293,0.29811856323904706,2.5100021362304688,4.160003662109375,2.5659492283050866,-0.7962092514922414,-20.0,-0.41863837272373416,0.11469569063198293,-0.2842340490627926,-0.137859188659592,0.3563413002892979,0.21976652563226728,5.1392257782232775,-0.10999999999999943,0.300164320770957,0.37448932727652817,3.309131039204294
2026-04-14,-0.020000000000000018,-0.040000000000000036,-0.009999999999999787,-0.030000000000000027,-0.020000000000000018,-0.11000000000000032,1.1713988916143947,1.3371585238298067,2.403716304551118,1.8977164599893293,1.542106376390251,0.2733275729996265,1.119093847239494,4.3221332625812625,-2.0520794970041223,-7.8000030517578125,-4.569999694824219,-8.199593092107804,-1.0715799427318706,82.7001953125,1.7198280994108472,-0.5338127702120055,-0.2544660063238169,0.7994343068552734,-0.29225290846248697,-1.1943160464736757,-0.40766706589963064,-0.7600000000000016,0.5288573913962757,0.29857929693699603,3.203117687437951
2026-04-15,0.0,0.03000000000000025,0.020000000000000018,0.010000000000000009,-0.010000000000000009,0.010000000000000231,0.7944144911565587,-0.7408080659166316,0.4427971201467429,-0.06428948267478418,-0.4995739318948367,0.8155286267329753,-0.6092482889193285,0.25940238092658774,-0.34017120433880166,0.01000213623046875,0.1399993896484375,0.010957042512149684,0.4223434288612271,-26.5,-0.5478785935615349,0.00354849011783287,-0.061173605633779715,0.2592450190080975,-0.2654021006797791,-0.2928198181728153,0.8369504683727769,-0.18999999999999773,-0.43667875805661893,-0.04970292815400512,-0.17528889704023776
2026-04-16,0.020000000000000018,0.03000000000000025,0.0,0.030000000000000027,0.0,0.009999999999999787,0.26065558152854607,-0.11892008749541105,2.3529708275489725,0.4011236777349936,-1.1397744965684353,-0.6419827881761098,-2.1468121346855717,-1.4538981162457887,1.4598861885005476,3.4000015258789062,4.459999084472656,3.6567161172786022,1.4076770205760702,-15.30029296875,-0.31770068196657064,-0.0005914062754186489,0.16303617133308634,0.08262849973656727,0.010704179348497433,0.0512100434458318,0.4628724487071523,-0.23000000000000043,-0.6354397787568189,-0.13680819498596009,-2.3969146368536087
2026-04-17,-0.06999999999999984,-0.0600000000000005,-0.03000000000000025,-0.030000000000000027,0.0,-0.029999999999999805,1.196855392873708,2.075469081092862,-1.7669820901513589,1.8875945090504054,0.6345008997350021,0.5434826203349008,1.2625734043735903,4.73049123155076,-2.7958834419266054,-10.840003967285156,-9.010002136230469,-12.157895370705951,1.0148536605384173,71.30029296875,1.4719718632466794,-0.23862190952197437,-0.12225220223562872,-0.22410974906926506,0.24276534926270799,0.24160977472698353,2.593729657840349,-0.46000000000000085,0.9114581962779589,0.37267502978632905,2.7471773702213653
2026-04-20,0.010000000000000231,0.0,-0.009999999999999787,0.010000000000000009,0.0,0.040000000000000036,-0.23771959102507623,-1.2471583404158437,0.5950398458972828,-0.7254393674696935,0.5240152492735461,-1.890129144475594,-0.038809089183455825,-1.3340772720741967,0.09083339164135396,5.760002136230469,5.100006103515625,6.643745763583109,0.5593848903183485,-50.80029296875,-1.0465320161639369,0.1336341357712989,-0.05097672501355177,-0.3528654694259864,-0.021367174263886568,0.05871220798621124,2.693259727225872,1.3900000000000006,-0.022968806385126328,-0.08683210043418654,-1.1959312663717192
2026-04-21,0.05999999999999961,0.040000000000000036,0.029999999999999805,0.010000000000000009,-0.010000000000000009,-0.020000000000000018,-0.6368453580853028,-0.8793880385299602,0.8873092431677776,-1.4829264859382185,,-0.3773153057704981,-3.85153760935788,-2.9468034564005485,1.4422446620397267,2.5199966430664062,3.0,2.773366560148638,0.2970717202790629,-109.19970703125,-2.287387820870812,0.16537764073083494,0.3664878356810064,0.3669983273172195,-0.19936885150730888,-0.6593442303827329,0.6309747501946461,0.629999999999999,-0.5529369569234,-0.26094960877935947,0.4061140928925955
2026-04-22,0.010000000000000231,0.0,0.0,0.0,-0.010000000000000009,-0.010000000000000231,1.0405756011536482,-0.40603013792264164,0.3980119397397175,1.7989835770517715,,-0.35344492106634817,-1.781886205520955,-3.3064036137191,1.1920824104814542,0.8300018310546875,3.4300003051757812,0.8968689946171615,0.922680742705484,33.39990234375,0.7051926696608035,0.14116150483447498,0.18273373184429786,-0.34116213946593366,0.33248220757853275,0.2616999686703064,2.3944952373343042,-0.5799999999999983,0.19617820767550143,0.16161780256718217,0.43955444011136713
2026-04-23,0.040000000000000036,0.040000000000000036,0.040000000000000036,0.0,0.010000000000000009,0.020000000000000018,-0.4141432170939652,-0.19473411574288946,-0.7506875692643078,-1.6384723462086193,-0.22195012388444013,-1.4007594853777228,-0.018250940877528876,-0.6201564532354542,0.7751952577996768,2.8899993896484375,3.1599960327148438,3.061517031722172,-4.048521490790879,-29.0,-0.612009929675672,0.09700151487956887,0.21278361999446105,-0.32596369980887885,0.07213519080551123,0.5455614550688576,0.08417038623189654,0.389999999999997,-0.21927968969732703,-0.16161780256718217,-0.5277010182864306
2026-04-24,-0.050000000000000266,-0.03000000000000025,0.0,-0.030000000000000027,0.0,0.0,0.7942067917632301,-0.1910307841090031,0.9691588801633344,2.2048687668963396,-1.3026614421882243,0.23056279854372086,-1.5221822639547078,1.082766534901225,-0.19323784989921933,-1.4499969482421875,0.26000213623046875,-1.5243364256781078,-3.543297616279073,16.89990234375,0.3571072167241951,0.011707979422492798,-0.2939548089053723,-0.18946143927692227,0.162255067947914,0.18076481324283689,-1.044985540070087,-0.5999999999999979,0.18468899482986245,0.13677416639836792,-3.9573557517453395
2026-04-27,0.0,0.040000000000000036,0.020000000000000018,0.020000000000000018,0.010000000000000009,-0.020000000000000018,0.1231618000550938,-0.39442406479075487,1.3657684565078654,-0.15701414433157979,-0.32788219527262186,-0.2818723353797292,0.11114776820901895,-1.824227987245708,-0.17599172908955296,1.970001220703125,2.9000015258789062,2.0653889048153573,1.064467005593317,-47.19970703125,-1.0005744880542622,-0.15475703878289337,-0.030457158934193984,0.19297471030216007,-0.1070953283184295,0.007633748951837993,-1.6547994707933,-0.6900000000000013,-0.49713994577746945,0.03726787827877942,3.3381614431704065
2026-04-28,0.06000000000000005,0.010000000000000675,0.0,0.010000000000000009,0.010000000000000009,0.010000000000000231,-0.49061878687961524,-0.4141397340495345,-1.0292720682448575,-1.0266183598498735,-0.6330684021992994,0.5374269630672224,0.07866440092607618,-0.9840661708758525,1.6422427612485357,3.55999755859375,3.029998779296875,3.6274965564014217,0.352322266960714,-85.30029296875,-1.834052163097688,0.1903779268102035,0.14205926824697457,0.1452700149513153,-0.13733883590640872,-0.12853235776320027,-1.3218654490737336,-0.19000000000000128,0.10426177195821396,-0.13672316821038422,1.5845344672603012
2026-04-29,0.08000000000000007,0.05999999999999961,0.020000000000000018,0.040000000000000036,-0.010000000000000009,-0.03000000000000025,-0.03992517435129628,-0.33675178539436246,,-0.47740869005821196,1.1869355537893256,0.025515686420085615,-1.430096472779585,-1.3941686663493158,2.261531571463049,6.9499969482421875,6.769996643066406,6.723674016293035,3.381038820674609,-46.89990234375,-1.0229187187446698,0.2739322314368131,0.30373154966234495,-0.04805739151844679,0.12229654893021191,0.47005928888147475,-0.7553459041741206,0.9800000000000004,-0.7787635098421397,-0.33639136501104616,3.433818643049591
2026-04-30,-0.040000000000000036,-0.019999999999999574,0.0,-0.020000000000000018,0.010000000000000009,0.010000000000000231,1.0186184168105683,1.1118227397071578,-1.0612958981671028,2.052492400169559,0.05693832092674711,-0.2299149203382811,2.5111341282817,1.9464358985870067,1.0448405551230167,-1.80999755859375,-4.019996643066406,-1.7079892294339594,4.433673498187584,68.10009765625,1.4818975567985504,-0.35875270057514896,-0.8527933285863654,-0.2831679949436561,0.39532901649126373,0.1987891276270054,0.6946186875135041,-1.9199999999999982,-0.09338571984143229,0.31150733376836826,-1.103109283978343
2026-05-01,0.0,-0.010000000000000675,0.020000000000000018,-0.030000000000000027,-0.010000000000000009,-0.06000000000000005,0.29240496865217125,,0.384180570188164,0.21853829509108635,1.141390585745583,0.5356546402387252,-1.0532918372193834,1.3286641358673634,-1.3502366346448191,-3.1299972534179688,-5.840003967285156,-3.0242362934846057,0.4687231082028953,14.89990234375,0.32132314740618284,-0.2348737874430462,0.13245429906509898,0.37930034813587477,-2.0217542384598275,-1.1654349597311624,2.427150989403515,0.09999999999999787,-0.011682691170644688,-0.398903178136667,0.08528167074532966
2026-05-04,0.07000000000000028,0.0600000000000005,0.020000000000000018,0.040000000000000036,0.0,0.009999999999999787,-0.40704624878422635,-2.024950103315959,,-0.04678902104604532,1.7719994643679016,-1.4864492661366135,-0.9010754947617272,-1.3286641358673634,0.9134043972748529,4.4799957275390625,6.2700042724609375,4.300908310095863,3.0815305415083927,-111.2001953125,-2.4233615823709087,0.3657383966366723,0.264391180886836,-0.021111912782639797,-0.08412600452905039,-0.03456049310796294,1.6287676864907397,1.3000000000000007,-0.7621559166189229,-0.3252780371378883,0.5102087673395594
2026-05-05,-0.020000000000000018,-0.020000000000000462,-0.029999999999999805,0.010000000000000009,-0.020000000000000018,-0.009999999999999787,0.8087227380576323,1.822758873952246,,2.007794167267374,0.47730345783012496,-0.6995765351334171,0.4840564692564442,2.48652824406701,0.1009784219326626,-4.150001525878906,-4.569999694824219,-3.977716996860181,-2.7941691616740094,35.2001953125,0.7734815434808695,-0.1732596872797032,0.010157030725110872,-0.29623965157234144,0.22163250034532567,0.3629142675699526,1.3675043806523846,-0.9100000000000001,0.5516784018111842,0.1502568730861853,3.254357602349023
2026-05-06,-0.06000000000000005,-0.0699999999999994,-0.050000000000000266,-0.020000000000000018,0.0,-0.020000000000000018,1.4482944327745884,2.6479344908052482,,3.1457125308132383,-0.4446782112797365,-0.05201679794519798,3.669594336236859,4.428492167558096,-4.208436813553629,-7.189994812011719,-8.600006103515625,-7.2897680243659835,-2.1022915025946665,125.7998046875,2.716404169996167,-0.4414525824016913,-0.4682010729696984,0.20363816738951657,0.30679362942764854,-0.33091679169483523,0.6165248057273587,0.010000000000001563,0.7579786949261091,0.299857159234751,-0.5763758122584228
2026-05-07,0.04999999999999982,0.04999999999999982,0.03000000000000025,0.020000000000000018,0.0,0.040000000000000036,-0.38103454826785566,-0.9080225765602634,5.429696853711796,-1.3425045975122174,-0.800421477416613,-0.20832824501351155,-0.4081380217822783,1.276692088085074,-1.859281944052249,-0.2700042724609375,-1.2099990844726562,-0.28437985706819546,1.418464729235236,16.60009765625,0.35299866905305066,-0.07335570474698017,0.2343745515404727,0.2698356504503757,-0.7441550369210681,-0.32303068952917735,-1.7561908350902655,-0.3100000000000023,-0.5007875099609649,-0.37495737437058807,-0.08260450855304136
2026-05-08,-0.020000000000000018,-0.03000000000000025,0.0,-0.030000000000000027,0.0,0.020000000000000018,0.839040542903291,-1.0286053843721277,-0.1914676981813912,2.0070637539532754,0.9957658743898534,0.9599215780921266,0.4394675173037932,-0.39949430636636585,-0.4478287763491906,0.6100006103515625,1.2300033569335938,0.6413317719184519,-0.4343142503311359,19.80029296875,0.41942725366546085,0.023384796938419328,-0.4181796800026838,-0.13500463548999364,0.20489075192777761,0.17190255322316883,0.22069548930208072,0.11000000000000298,0.5007875099609649,0.34999883140871546,0.04957089288648575
2026-05-11,0.050000000000000266,0.040000000000000036,0.020000000000000018,0.020000000000000018,-0.010000000000000009,-0.020000000000000018,0.18781917406744952,-0.2723744735956046,-0.47273471097977193,-0.07362593439230736,-0.08953194352905314,1.078597970470252,1.1124079910477924,-3.2171342769559352,2.60490926171002,2.6500015258789062,2.9199981689453125,2.73933253938754,5.400998970594828,-2.0,-0.04228597896709374,0.014400958281601817,0.10216172523982436,0.3172533460629373,0.018494204999086605,-0.311947438407878,-0.5011785219489084,1.1899999999999977,-0.6059262005250865,-0.19984522010974004,4.395599195983557
2026-05-12,0.04999999999999982,0.040000000000000036,0.0,0.040000000000000036,-0.010000000000000009,0.029999999999999805,-0.1603894411408291,-1.486711259757456,0.5188414337879976,-3.096500044458139,-0.3540316933925425,-1.0269705612651059,-0.26585424716243367,-1.2859486803734388,0.6972340139130395,4.1100006103515625,3.55999755859375,4.1054460596887665,-2.3293300819980267,-42.0,-0.8921612855585792,0.39530020196281157,0.3567230691348122,0.09418770087463724,0.23751310527799774,0.050129917059787976,-1.5422747705667206,-0.39000000000000057,-0.6684278304315505,-0.13762980733815766,4.935468483698324
2026-05-13,-0.020000000000000018,0.0,0.0,0.0,-0.010000000000000009,0.0,0.5832206062995837,0.9018363300473453,0.8404452255891925,2.089829348130934,-0.843473936893524,-0.41375762957502893,0.1418786848011777,-0.5343573707886851,0.10416905958221534,-1.160003662109375,-2.1399993896484375,-1.1417483079781299,0.735946787676478,20.0,0.4258315283149017,-0.04227892762269647,0.19312140705727288,-0.3785844789707171,0.2794537452900592,0.28872842994233094,-1.5028018231236118,-0.11999999999999744,-0.2237998589887269,0.05006998968415388,0.30052586123381353
2026-05-14,0.020000000000000018,0.009999999999999787,0.0,0.010000000000000009,-0.010000000000000009,-0.06000000000000005,0.7626449143739222,,-0.9816285289055315,0.2526164855852997,0.4528967653021354,-0.15560525474276332,-0.5553471689904832,0.3438404732799327,0.7605890146060723,0.15000152587890625,0.09000396728515625,0.14837683094883758,1.0420368927985146,-21.400390625,-0.45571609159758,0.1652165965149166,0.40534499687954195,-0.16533716024024203,0.11409200847829482,0.13957146498320416,2.213214369882266,-0.6099999999999994,0.14140364873744815,-0.07511916625890791,-2.8921355050154585
2026-05-15,0.08999999999999986,0.1200000000000001,0.020000000000000018,0.10000000000000009,-0.010000000000000009,0.040000000000000036,-1.2440381787730104,-0.5699484025894819,-2.0067225201170658,-3.4884588398903738,-2.0973742894067726,-0.6248337556624239,-3.2556708087863484,-2.549384353263928,2.3318203177034924,4.25,3.5400009155273438,4.115010193891333,2.25496345602072,-123.39990234375,-2.6690724101015917,0.5151468345172106,0.3936410852977801,-0.46171115549501485,0.33583234866512157,0.34234406983417176,-2.480277513696727,1.1699999999999982,-1.4948605485170852,-0.48961166871173134,1.7604778811834976
2026-05-18,-0.019999999999999574,0.020000000000000462,-0.010000000000000231,0.029999999999999805,0.0,0.03000000000000025,-0.07359385925660433,0.3638039700760487,-0.9709034124785632,-0.15379651357720903,-1.6288435149999003,0.18264765268294347,1.3531595979361377,-0.03913218259921081,1.8997458518805743,3.2400054931640625,2.839996337890625,3.027142076791556,2.139115375655831,-3.89990234375,-0.08552511810933083,-0.18888995667838415,-0.3026590542764218,-0.4096754388778212,0.29126911797003885,0.39580719767441375,-0.6155853649120857,-0.6099999999999994,-0.11961023168094442,0.10063124252326361,-2.5356711201232507
2026-05-19,0.05999999999999961,0.05999999999999961,0.010000000000000231,0.050000000000000266,0.010000000000000009,0.029999999999999805,-0.6700720556670703,0.03692524282907783,-0.4372865863999209,-1.0988256749898895,-0.0835024127235684,0.33832449771376005,-0.8710525442633177,-2.939051061126108,1.1651876610780043,-0.8900070190429688,-0.8199996948242188,-0.8224479366151449,2.932766476961457,-46.7998046875,-1.0320694017636356,0.3300515682497007,0.33288155411614895,0.350206854757662,0.010700676256458763,-0.35882811330989195,-0.2644879999712302,0.23999999999999844,-0.6483405281309196,-0.2391623547130628,-1.5686656009769262
2026-05-20,-0.08999999999999986,-0.09999999999999964,-0.050000000000000266,-0.050000000000000266,0.0,-0.06000000000000005,1.073420806632619,2.1123172979294225,-1.2399804714775087,1.8501868155715862,1.9208397044067738,-0.41655837402601037,2.2464673812755187,6.363125900452848,-2.4611064236869318,-9.509994506835938,-6.260002136230469,-9.238224697859287,-3.5963382991024195,24.099609375,0.5327953658273543,-0.24189768112545806,-0.19152512068911776,-0.41289799882768263,0.1094768414743541,0.5504446521670564,0.9167734783614989,-0.6199999999999974,1.0663337335626188,0.6406681535154668,-4.362565580317002
2026-05-21,0.040000000000000036,0.0,-0.04999999999999982,0.050000000000000266,-0.010000000000000009,-0.020000000000000018,0.17138609316660336,-0.2638990449288059,3.094745108784025,0.866991063240441,,0.8831131105162981,-0.05824200372748223,2.095883082199279,-1.1267220301816039,-1.910003662109375,-2.4399948120117188,-1.9629669457550847,0.4649606299583109,7.2001953125,0.15863308240593454,0.17322671284603075,0.080687679439162,0.1568182992025352,-0.0924772239728533,-0.2386199297294056,0.10503232153258324,-0.6799999999999997,0.36875977027222007,0.050076259174236526,3.169711509360651
2026-05-22,0.04999999999999982,-0.010000000000000675,0.009999999999999787,-0.020000000000000018,-0.009999999999999898,-0.03999999999999959,0.37200452843411114,0.9871784048426591,2.647550551406397,-0.22743021006226272,,-0.07760647199543946,0.9899310641161563,0.4803229732732728,0.6069831517496738,0.25,0.9599990844726562,0.2591346399082539,-3.7472679173281565,-19.2998046875,-0.4257770150841722,-0.06888582070949667,0.130973019598013,-0.036029718291841206,0.08178825669435952,-0.053391204493669076,-2.6806340702622222,-0.060000000000002274,0.544701264253522,0.012517534470735114,1.3902920217106374
2026-05-26,-0.1200000000000001,-0.05999999999999961,0.0,-0.06000000000000005,0.0,-0.020000000000000018,0.6089680623146521,0.7398442610417888,-0.24909153161711828,3.7537983317917245,-0.9431435107511987,0.10346849263807023,1.8116005138105074,4.080728961846436,-2.795483215086847,-2.7099990844726562,-3.9599990844726562,-2.8454847652877646,-0.448199722165743,-20.900390625,-0.46314172033632417,-0.09829890029138255,-0.1511426833076257,-0.041908251653619,0.005030264626615377,0.09327708140879076,-1.8996541405032374,0.4200000000000017,0.4947567778370576,0.33730638062001717,1.6044165036010138
2026-05-27,-0.009999999999999787,-0.019999999999999574,-0.009999999999999787,-0.010000000000000231,0.0,-0.010000000000000231,0.016486555361971966,0.10532015799800121,0.005108349905569298,-0.014624075124380909,-0.1618182936148571,0.15500228304521357,0.43045927361244907,2.8603264686204,-1.4977583964352448,-5.209999084472656,-5.290000915527344,-5.708948958032156,4.921785620653152,-53.89990234375,-1.204387492455261,0.011159941694582898,0.04032756993979092,-0.004650727306979019,0.18164945145002775,0.2665567880377945,-1.972531072410888,-0.7200000000000024,0.23474726254892886,-0.06238295070915001,-0.03882830115724545
2026-05-28,-0.009999999999999787,-0.03000000000000025,0.0,-0.029999999999999805,0.0,0.010000000000000231,0.5737227212216922,-0.2545048592743626,-0.47233195155289565,0.32116994133239984,-1.024502861504395,-0.07747603666716785,2.1844068056947386,0.2061129779838744,-0.07021400090154728,0.220001220703125,-0.5800018310546875,0.2477771494425518,7.750917519485312,50.89990234375,1.1377326701735413,-0.1268603661021217,-0.19169904019307182,-0.162788740353087,0.20388071405657016,0.3496547734270661,-1.0929802661886256,-0.5499999999999989,0.5144945980220861,0.12472700935362013,2.1134283064868864
2026-05-29,-0.010000000000000231,0.0,-0.010000000000000231,0.009999999999999787,-0.010000000000000009,0.0,0.21699047314864828,-0.07549903512309442,2.497986962210952,-0.01457931100494747,0.5534060597405244,0.10328148607254839,-0.055202600122505885,0.6158086788430772,-1.1656787549434,-1.5400009155273438,-1.6599960327148438,-1.7474640700631205,0.1520875117818843,93.7001953125,2.061161963248992,-0.12904035709278006,-0.11114332552937256,0.30019102588301205,-0.18692187302722374,-0.5345133077338526,-0.22330998228099475,-0.41999999999999993,0.023328597727889644,0.09965641936524605,-1.6098472969789501
2026-06-01,0.06999999999999984,0.019999999999999574,0.020000000000000018,0.0,-0.010000000000000009,-0.020000000000000018,0.26218560604913677,-0.2579928839438139,0.9077216022504331,2.1344960267493107,-4.302740085780066,-1.7966857849088136,-2.3768170370471964,-1.3390737073190717,1.778369466545815,4.8000030517578125,2.9300003051757812,5.3488717700791,-3.4320902452950497,-86.7001953125,-1.9057030995774937,0.24113241361085613,0.29276007507279544,-0.03378538109447826,0.052094516278877734,-0.22995573022981664,-3.119538630329366,0.7300000000000004,-0.3387270771727735,-0.5869529665488038,0.7314779034572005
2026-06-02,0.0,-0.009999999999999787,-0.009999999999999787,0.0,0.0,-0.010000000000000231,0.12912549125889683,1.2007243212105223,-0.29937641507409296,1.0221571047397404,0.9546542588610762,1.6934042988362652,-0.6895984957548507,-1.4975042262204141,1.1452491250764751,1.5999984741210938,1.0199966430664062,1.721211192871941,-0.37818657075432416,13.60009765625,0.3013473751872553,-0.10864765813858313,0.020163564875819162,-0.11525491439395852,0.17743861788481752,0.5459236360364467,-6.69138485252585,-0.28000000000000114,0.21037911252435038,0.07512857344833535,-0.7314779034572005
2026-06-03,0.03000000000000025,0.03000000000000025,-0.010000000000000231,0.040000000000000036,0.010000000000000009,0.040000000000000036,-0.7399348892068502,-0.8926693467246949,2.468580829809497,-1.2507338644169863,-1.0758593044636555,-1.2738970187646803,-1.5180567910350717,-2.378951447823363,1.2856952825399226,2.2599945068359375,1.80999755859375,2.381811952928903,1.4731478139208054,-53.0,-1.179521423162555,0.29267613848498186,0.31194748173994924,-0.11512121904490302,0.20775762993112679,0.26804103383642197,-4.115222229019189,0.28999999999999915,-0.39775902828624865,-0.27572547632273015,-2.504040860003043
2026-06-04,-0.03000000000000025,-0.020000000000000462,-0.020000000000000018,0.0,0.0,-0.009999999999999787,0.4046762369187107,0.8186385049450351,-1.371076131030513,-1.179699646798671,-0.2830819015132491,0.3134770846376256,2.9270844202008206,0.6089937378832566,0.06810985422349702,-2.9799957275390625,-2.779998779296875,-3.152695009146189,3.725621104388055,38.10009765625,0.8493257192172976,-0.019518627156944746,-0.12063449308028495,-0.10919540194247734,-0.01750495616521519,0.35205454010824033,-0.33296811494363254,-0.6599999999999984,0.22247236401664594,0.1880779488272033,0.3164556618425518
2026-06-05,0.1200000000000001,0.08000000000000007,0.0,0.08000000000000007,0.0,0.019999999999999574,-2.6801330315359806,-0.6783239752754966,-1.316710328198134,-6.749516534483657,0.3953858707889779,-2.3754126667750786,-0.919710771787674,-0.2145137231942318,-1.8554077147505232,-2.5,-1.94000244140625,-2.723776593088978,-3.2599954075634985,-139.7001953125,-3.1501020350154008,0.6027299713946555,0.6617188990247769,0.02787463332490636,0.03125874467846401,-0.269628814111636,-4.617254262521264,6.110000000000001,-0.515951481939414,-0.5023262107519244,0.31545737827780584
2026-06-08,-0.019999999999999574,0.009999999999999787,-0.009999999999999787,0.020000000000000018,0.0,-0.009999999999999787,0.297370520766016,0.0036326015765197894,-3.925873210817876,1.7800127711270264,0.3324168724232024,2.2449174469944655,-0.9590415221937931,-0.8626932207028482,1.1379496280085277,0.7600021362304688,1.160003662109375,0.8359068906861111,-2.5722878409842,-1.89990234375,-0.04353231151306147,-0.04089671304905451,-0.019984652067250863,-0.7784965054036697,0.21041061158877383,0.9487064851715188,-0.23577871851845345,-2.59,-0.5186183373564468,0.13839168027081072,-2.6327801293144493
2026-06-09,-0.020000000000000462,-0.02999999999999936,-0.020000000000000018,-0.009999999999999787,0.0,0.029999999999999805,-0.257971859262085,-0.20722882779047325,2.1509081853736234,0.10640678207991527,-1.1611266972012757,0.6507897341916369,1.3939193605327027,3.0574678035653946,-1.6246510671732217,-3.100006103515625,-2.8000030517578125,-3.454389261421209,-0.22268083904395386,-77.0,-1.780435056962304,-0.06025108132119428,-0.14002741330596535,0.05071209329365889,-0.09547545465160567,0.21949129613569318,-2.319927491697271,0.9499999999999993,0.589138011075363,0.10053007784822654,0.0
2026-06-10,0.0,0.019999999999999574,0.009999999999999787,0.009999999999999787,0.009999999999999898,0.020000000000000018,-1.6332095868206054,-0.6598873110865711,-1.9096236711574122,-1.7780909944991485,-0.8635126056109499,-0.07787824998728432,-2.45114701891076,-4.695359766263385,1.4874030960694284,1.8300018310546875,1.6500015258789062,2.0536006149220576,1.4229437729385008,-153.10009765625,-3.6371124884567507,-0.040270958221810815,0.040021301455439584,0.05996697912696025,0.13102573936167872,0.13647545359002367,-0.31600860854066326,2.349999999999998,-0.28235959131945876,-0.18857447556621665,1.0454467155347924
2026-06-11,-0.08000000000000007,-0.09999999999999964,-0.04999999999999982,-0.04999999999999982,0.0,-0.020000000000000018,1.736719891346361,0.7791556055328996,0.05919162835219538,4.298476894480263,1.6762831766476083,2.005215263056126,4.847881801039211,6.120726697005496,-1.9589793113977905,-2.3199996948242188,-2.720001220703125,-2.6107027036364805,-3.125256013892619,-19.2998046875,-0.4680280910061896,0.16997822705873133,-0.09008192290282935,0.0023045118985376423,0.08911512773330799,0.08629053100351058,3.3788668524065812,-2.7799999999999976,1.2876288164011207,0.589677651101983,0.15987579262897178
2026-06-12,0.040000000000000036,0.03000000000000025,0.020000000000000018,0.009999999999999787,-0.009999999999999898,-0.06999999999999984,0.5012928127161587,2.1344101237639634,2.768614776474543,0.5613802025224324,1.7744341504263517,0.22880434621121992,-0.9578005939132161,1.9145930928995192,0.7499822579075222,-2.8300018310546875,-3.0499954223632812,-3.27974455778568,1.0633254222015776,124.7998046875,2.988437301046787,-0.509214048734119,-0.1102155414562489,0.3489797501141395,-0.24760920281750032,-0.6144193059261366,-0.028095784867510076,-1.7600000000000016,-0.24454942477820651,0.0,-1.6103468899933304
2026-06-15,-0.019999999999999574,-0.010000000000000675,0.009999999999999787,-0.020000000000000018,-0.010000000000000009,-0.04999999999999982,1.6393284138581876,0.6732745218512193,4.873908146761252,2.7176020797766043,-2.0342024278640736,-2.234019609267346,1.5323208659662413,3.100759840200329,-3.537061955955245,-4.129997253417969,-4.160003662109375,-4.9880499844549675,0.8616676577964943,112.80029296875,2.6263451765016654,-0.16036978084823517,-0.12037592810294484,0.2341085559131928,-0.1093478704248696,-0.14475121175948624,0.8774329142884341,-1.4800000000000004,-0.05830710175809273,0.1250137330244705,-2.7150983384583327
2026-06-16,-0.020000000000000462,-0.040000000000000036,-0.029999999999999805,-0.009999999999999787,0.010000000000000009,0.04999999999999982,-0.5700396039273414,0.4483083043853142,0.12543073399502447,-1.6041974413836257,-1.073911597046262,0.10381759768343102,0.8890482043184988,0.5565576035310826,-0.3426180016804281,-4.6999969482421875,-4.209999084472656,-5.996690326915655,2.8815023791010974,2.7998046875,0.0643189704575775,-0.05013165952751919,-0.09037138609526707,-0.07654955137833541,0.17115292280225347,0.06673732925227827,-1.0446052081716672,0.21000000000000085,0.5468005139208643,-0.012497202801942109,1.1608782440465593
2026-06-17,0.15000000000000036,0.0600000000000005,-0.03000000000000025,0.08999999999999986,-0.010000000000000009,-0.08000000000000007,-1.2222675603359434,0.6792769446914093,0.7146130653717719,-0.11662076078904349,-1.5517267612494834,-0.33779705369156865,1.355990601382473,-1.2483708968766827,-1.2542242920503988,0.7399978637695312,0.5900039672851562,0.968337643132422,-2.9450781422882377,27.0,0.6181480019613161,0.10987119526042477,0.5510162014771502,0.13575097887166265,0.11851155009123815,-0.1662956198962423,-1.8185451530863261,2.030000000000001,0.1622993472205181,-0.37555805077129634,-2.082540882292161
2026-06-18,-0.009999999999999787,-0.03000000000000025,-0.009999999999999787,-0.020000000000000018,0.010000000000000009,0.03000000000000025,1.0787813962926052,0.3675765957606103,1.6335166898283404,3.2008522039353338,0.8746833683751731,0.46741272587267346,-1.5775111485860194,2.4491020008295727,-1.6599380079094672,-0.19000244140625,0.29999542236328125,-0.24773784384777287,2.7596627044805366,-135.5,-3.1414497304801614,0.8413493624606083,0.7564504627275426,-0.887692768361556,0.11276576652425874,0.7911995333890337,-2.3909926459543485,-2.0400000000000027,0.4853235369591147,0.3505684943402976,-2.6440808738459776
2026-06-22,0.04999999999999982,0.04999999999999982,-0.020000000000000018,0.06999999999999984,0.0,-0.010000000000000231,-0.37119326849772705,0.2886274999191585,1.5374502127697198,0.5915484418207662,0.09407690738498786,-0.7802360673732966,-1.4668380961463612,-0.06453842725266945,0.5378866916438518,-1.779998779296875,-1.9499969482421875,-2.351183198525497,0.6167142808394699,-43.19970703125,-1.0226566064496012,0.12492629521636545,0.16842345394820768,0.03667606319521233,0.0892391605682441,0.3806879145109243,1.1236353824841672,0.5,-0.7637200695256752,-0.08752697379152963,0.08639507273127123
2026-06-23,-0.08000000000000007,-0.009999999999999787,-0.020000000000000018,0.010000000000000231,0.0,0.06000000000000005,-1.4466928386097422,-1.288023852379716,-3.6102637903629997,-5.840655311854359,-0.10372750338163428,-0.2614340681743599,0.17817677391729347,0.643505320456006,0.7371904183217648,-1.6100006103515625,-0.8199996948242188,-2.175321368814487,-3.312801222132866,-53.30029296875,-1.2763500419268325,0.4212728419515699,0.3853257926300202,-0.3112998368053427,0.08483430350301191,0.10267320238343813,-2.028318896027237,2.2099999999999973,0.1276924134712587,-0.08760365062077113,1.6274494608169654
2026-06-24,-0.04999999999999982,-0.08999999999999986,-0.029999999999999805,-0.06000000000000005,0.009999999999999898,0.04999999999999982,-0.09834153677328317,-0.2547095147779288,-0.8828486645338529,0.11903264631829558,0.16325125161866794,-0.3146277577183554,0.11014563865172633,4.084762778258844,-1.6477266238505983,-2.8700027465820312,-3.3400039672851562,-3.9991436170191186,2.324221500979884,-140.599853515625,-3.447176509826022,0.29430806108363683,0.19702197687756495,-0.41736184660604025,0.01794212856252031,0.11245451778682247,-2.7057191162535688,-0.8599999999999994,1.359624982424812,-0.02504917657475403,-0.5965134663009852
2026-06-25,-0.020000000000000462,-0.009999999999999787,0.029999999999999805,-0.040000000000000036,0.010000000000000009,0.020000000000000018,-0.009921104004639858,0.846481844615532,4.5102252056707925,1.0502264850220655,-1.2359270364557418,-0.6851202846435367,0.502567699685752,1.5276802051646055,0.9660124508233281,1.5800018310546875,1.5200042724609375,2.2213789720896493,3.7176731309888966,38.800048828125,0.9632180156806669,-0.29372981415480837,-0.17730531079580558,-0.222794927731218,0.10143522068348787,0.3538167174806234,-2.1099038116469515,0.26000000000000156,-0.034337297916930964,0.03756186120575933,-2.5975503563393065
2026-06-26,-0.019999999999999574,-0.020000000000000462,-0.009999999999999787,-0.009999999999999787,0.010000000000000009,0.050000000000000266,-0.04717686829192047,-0.7363262902060796,-4.241826560828699,-1.1394820064253963,-1.7516013947625808,-0.052897271918883604,-0.25308183699044307,0.9055276021811665,-0.46326405337642207,-2.6899948120117188,-3.2700042724609375,-3.8120021524248315,-3.4076917726074685,48.69970703125,1.195994256198496,-0.13995063094149884,-0.06903663621322664,0.06587077601488966,0.025955711703851136,-0.2538349154178332,0.4923319948584748,-0.4800000000000004,0.01144998717164114,-0.06260775691311338,-1.1468953268613635
2026-06-29,0.02999999999999936,0.0,0.020000000000000018,-0.020000000000000018,-0.010000000000000009,-0.03000000000000025,1.1681561359345949,0.16188765567353158,0.15447289810630593,0.3565564004391675,-0.34092837258672404,-1.0638337222571792,0.9875922698954653,-0.6027653765418695,-0.4840789879889673,1.5199966430664062,1.160003662109375,2.171819334383418,-1.5596059344999746,-57.39990234375,-1.4111726070165531,0.05449904637515601,-0.2469502894687281,0.2104199930307582,-0.011119009485938136,-0.0555371917046632,1.0128530183576956,-0.7600000000000016,0.1029647584217308,0.22522569669440884,3.1443607701142184
2026-06-30,0.040000000000000036,0.0600000000000005,0.020000000000000018,0.040000000000000036,0.0,-0.04999999999999982,0.7888998838147643,1.536051116367787,0.8517346805122727,1.442903903238335,1.2958390593984959,-0.24093211787352686,1.3664393962120158,0.42232154233712293,-0.8810652364158678,-1.25,-0.23000335693359375,-1.7825783952600815,2.9122287238854128,-0.39990234375,-0.0099017592024353,-0.022904175068205745,0.07909227288021015,0.31930047645433723,0.08402680923991213,-0.30537239299341934,-2.6615830286262465,-1.1999999999999993,-1.184805725150806,-0.050007395326456816,2.042622260966631
2026-07-01,0.03000000000000025,0.040000000000000036,-0.010000000000000231,0.04999999999999982,-0.010000000000000009,-0.009999999999999787,-0.21531509855510222,-0.7230437740268769,0.5872346570765075,-2.8617865262107856,1.3399282764595455,0.9071570733242496,0.5922541145862326,0.030092765971012625,-0.5664653203307335,-0.9199981689453125,-1.3499984741210938,-1.3325778836429159,-1.6936529765559927,43.89990234375,1.0811690946125552,0.18234377463972606,0.19744990760282022,-0.0764890500091514,0.43444815633071343,0.13611382262608274,2.4374798891813043,0.14000000000000057,-1.0468881852339074,-0.47631688027340857,1.5216426085905788
2026-07-02,-0.03000000000000025,0.009999999999999787,0.0,0.009999999999999787,0.0,0.009999999999999787,0.00013702504482182576,1.2334317335032097,-2.502588986039811,-1.1802322001909005,0.4934788955850422,-0.719716417196592,1.760029907204963,-0.09031696883416984,0.7733695763251891,0.1100006103515625,0.23000335693359375,0.16026900338550476,-0.7481309504246747,43.30029296875,1.0550722853549743,-0.3765370769802878,-0.5241038244595764,-0.30996858446359354,-0.0547438803975453,0.055623880266519876,2.4390944088390043,-0.4400000000000013,-0.011687431349649557,0.1506626148526813,1.7926670964079072
2026-07-06,-0.009999999999999787,-0.009999999999999787,0.010000000000000231,-0.019999999999999574,0.0,-0.020000000000000018,0.7215413830444106,-0.22903398078248927,-0.009152182485472338,2.806521400697104,1.042347363161511,-0.2142524406298918,1.0381464187720901,0.4207982996822679,-0.169252791980945,-0.1399993896484375,0.18999481201171875,-0.2040213241135902,1.5215255951971374,41.7998046875,1.0080585942922937,0.11990468683880096,-0.0099173430014865,0.1314511522510886,0.0018524084145710162,-0.07585999044510405,0.7011517689839764,-0.2400000000000002,-0.07019793024527488,0.20053103633488334,5.471039783719567
2026-07-07,0.0600000000000005,0.0699999999999994,0.009999999999999787,0.05999999999999961,0.0,-0.050000000000000266,-0.44650632531855194,-1.2289933500571948,-2.146146119940795,-2.7760781304275284,-1.96587659285683,0.34792238739487225,-2.2868964029267858,-2.5210199212803097,2.802444352545974,1.8899993896484375,2.1700057983398438,2.7197867760341943,0.6144479969103722,-10.10009765625,-0.24264802533000562,-0.016966722504463405,0.28714403470795347,0.035461372043099626,0.3931522651467567,0.1591181480042364,-1.0961031808177424,0.5599999999999987,-1.058826240893218,-0.1378194880639505,-1.5552398013475965
2026-07-08,0.019999999999999574,0.009999999999999787,0.0,0.010000000000000231,0.0,0.03000000000000025,-0.28212145626138607,-1.835609508034075,-2.1291247863272744,0.773027143951488,0.029363285010752804,0.26680505512888253,-2.2611004404555324,-2.23958789646308,1.741696972055351,3.0799942016601562,3.8599929809570312,4.279611409991091,-1.6366032027693933,-75.0,-1.8204828543172624,0.26138165173286154,-0.08902155670149625,-0.3324001833910101,0.169522804811173,0.46347596842076233,-1.656396551934769,0.7699999999999996,-0.22497485930523808,-0.12545287115690584,0.586052144111715
2026-07-09,-0.04999999999999982,-0.019999999999999574,-0.020000000000000018,0.0,0.0,0.0,0.8109821657157568,1.2708749540696118,1.3745531037361758,0.8270033053152659,-0.8237563501932499,-0.9369590119505666,-0.004177262650628677,1.93152087234707,-1.4128088504901548,-1.4399948120117188,-1.7199935913085938,-1.9780793684117448,-6.428942502997437,58.39990234375,1.4203931870230946,-0.312299098267399,-0.10891689512790848,0.159778906800484,0.10833721300356203,-0.09401054891848837,1.491568233698537,-1.0599999999999987,0.15397960352707685,0.11291179397092677,0.8919956121776984
2026-07-10,0.04999999999999982,0.019999999999999574,0.010000000000000231,0.009999999999999787,0.020000000000000018,-0.010000000000000231,0.4200010992571279,-0.2278084631935684,1.1942410119619495,0.17953737065008468,0.043655412212117994,0.188095432420754,-0.233975859712654,-0.9922552568642384,0.47316217962327656,-0.6699981689453125,-0.29000091552734375,-0.9338671859289605,-2.4194736987310117,-27.099609375,-0.6566044396853599,-0.20592104686043555,0.029715000716734608,0.0994234492456475,-0.10833721300356203,-0.18827926332575795,1.4671800523156975,-0.8100000000000005,-0.023670269020037438,-0.05017047108495376,-0.464392983107631
2026-07-13,0.04999999999999982,0.0600000000000005,0.019999999999999574,0.040000000000000036,0.0,0.0,-0.7958609028042574,0.016741974442879837,-1.936725648792148,-3.653376614081072,0.06582040811622392,-0.37654533059710005,-1.691628578372928,-2.7485566783248316,2.969275185842246,6.7299957275390625,7.290000915527344,9.006411497204247,-1.4733856349005148,-108.000244140625,-2.6604579738469525,0.19623137715880645,0.3065491237119744,-0.25349492820356256,-0.29916078056908546,0.3490336960540019,-2.411433877143665,2.130000000000001,-0.5936849457882865,-0.23865168207457543,3.3565284881230895
2026-07-14,-0.08000000000000007,-0.040000000000000036,-0.009999999999999787,-0.029999999999999805,0.010000000000000009,0.03000000000000025,0.3751931076882542,0.14612015152479785,0.7419656769480198,1.7976948518487745,0.6861421320158101,-0.5674899121384858,0.09355384985676451,-1.192213037681178,0.36942443274199377,1.1999969482421875,1.4300003051757812,1.5240287113094553,0.24133676046347308,64.0,1.5850940084858323,-0.22262389378866487,-0.336264124428709,-0.17662117142032974,0.3397986423948396,0.6612910341786654,4.272810304425967,-0.6600000000000001,0.13091416133814704,0.2010096973001474,-1.7404869140208667
2026-07-15,-0.04999999999999982,-0.03000000000000025,-0.020000000000000018,-0.010000000000000231,0.0,-0.010000000000000231,0.38118699420550683,-0.23290511244411505,1.4770153926590979,-0.15239026988842497,2.6581706139950256,0.18952135690759597,0.4876067625160019,1.288261346570696,-0.7933065137449624,0.26000213623046875,0.21999359130859375,0.32717047519854603,0.6863438298575275,-17.89990234375,-0.4408035788420861,-0.1362230547191423,-0.4368577599692891,0.3535465732126736,-0.14910197979611794,-0.698370381238006,-0.3759410964789822,-0.8300000000000001,0.19010941206332177,0.16301621913275,-2.004694918132488
2026-07-16,0.03000000000000025,0.020000000000000462,-0.009999999999999787,0.03000000000000025,-0.010000000000000009,0.0,-0.5114462132766562,0.2873459983645077,-2.8263707161523044,-2.127079626358519,-0.9496527019694057,-0.1353445927835928,-2.366847258986926,0.0,0.9161453360254868,-0.6500015258789062,-0.7199935913085938,-0.8199371633664576,-2.2830456845052582,-59.699951171875,-1.484380617963943,0.01845081325946296,0.2285975781514793,0.39837298453193337,-0.07092493237994546,-0.5453196560526452,-1.4367279855175497,1.0600000000000005,-0.03561742969129256,-0.01252365993460458,-1.490812512778783
2026-07-17,0.019999999999999574,-0.020000000000000462,0.020000000000000018,-0.040000000000000036,0.010000000000000009,0.020000000000000018,-1.0149876192112828,-0.8428645601586737,-4.114928799573647,-1.4120120104938572,-0.38568854135458963,-0.3527266037547161,-0.06932267675123782,-2.5605058772104172,1.1508406754885847,3.5400009155273438,3.8699951171875,4.386234592845817,1.8374575827550421,26.699951171875,0.6665930057902614,0.16648506621903536,0.01984975461475358,-0.22342662609897423,0.18739578051878425,0.45257584081698776,0.17257545646920391,2.039999999999999,0.3674484860285432,-0.1881487184983932,0.07902196454550037
2026-07-20,0.03000000000000025,0.04999999999999982,0.009999999999999787,0.040000000000000036,0.0,-0.040000000000000036,-0.19341238867802701,-0.055709419173943786,,0.42570100219236906,-0.11189567201022044,0.16294832255994152,-0.6347810250292518,0.3931880595712922,0.4497470371717327,0.7400054931640625,1.1200027465820312,0.8930852115421217,-1.7675081198054832,-2.900146484375,-0.07219053923481766,0.007134809744169246,0.2379280058781852,-0.1486655866828307,0.0837127476927435,0.013611447321931758,0.8300835886389635,-0.120000000000001,-0.7481743447645073,0.03765615930024779,-3.783149559312138
2026-07-21,0.04999999999999982,0.03000000000000025,0.009999999999999787,0.020000000000000018,0.0,0.0,0.8817378432212308,0.9307162502965483,3.208088782323948,2.761998685121725,1.3821556368132093,0.02713915728147498,0.20478916579751427,-0.22916917755781974,0.9618785598557444,1.6800003051757812,1.7900009155273438,1.9984015049358206,0.174676534342999,60.5,1.4952764652308659,0.03135394313957818,0.18796309943827083,-0.08339405392515653,-0.015380907066209204,0.19895351787607707,1.9359107363715822,-1.5999999999999979,-0.2745399794815029,-0.03765615930024779,3.466693897469586
2026-07-22,0.04999999999999982,0.040000000000000036,0.020000000000000018,0.020000000000000018,-0.010000000000000009,-0.009999999999999787,-0.13646224263990092,0.49768089492925327,-0.17618120934645987,-0.5370971089831755,0.7990232303839662,0.6894276992597703,0.5945531668626991,-1.3529321802198346,1.189480053963976,1.9199981689453125,3.05999755859375,2.2360290019787676,2.072611088628551,75.5,1.8351815258357718,-0.0035662228934363327,-0.03954222628399506,-0.1255195474598847,0.4292687397695616,0.29215456070446066,-0.6098209978869562,-0.41000000000000014,-0.2633169835831062,-0.1633535379998996,-0.8754505270118784
2026-07-23,0.0600000000000005,0.040000000000000036,0.0,0.040000000000000036,0.020000000000000018,0.08999999999999986,-1.2163372131276162,-1.70546077959024,0.4632634845094685,-0.6018991867976276,,-0.013475427331988143,3.0342785344807943,-2.6255317818243196,0.3035932545957465,5.3600006103515625,6.620002746582031,5.989948613246998,-0.3081688172944963,-101.699951171875,-2.479978671478733,0.2765435578978348,0.2863218779520338,0.06958539290637111,-0.06437119935771562,0.22132072277170067,-1.610434695290941,2.0599999999999987,-0.32411560871512535,-0.36534627867323977,1.349763030184059
2026-07-24,-0.040000000000000036,-0.019999999999999574,-0.020000000000000018,0.0,0.010000000000000009,0.020000000000000018,0.04966405371877869,1.133138328697747,-2.7650411211128656,-1.9855207726888757,0.6150923130560315,-0.10784825893757066,0.7985508419879217,2.6255317818243196,0.40335830111324356,-2.8800048828125,-3.910003662109375,-3.1738254933355137,-1.5552357132375016,20.60009765625,0.5073301770885053,-0.16306735727757982,0.03942919245414345,-0.30650085475713573,0.4594546035885827,0.32739153022050826,-1.465555365422766,-0.120000000000001,0.0961444995764893,0.0,-0.8712974752519642
2026-07-27,-0.020000000000000462,-0.040000000000000036,-0.04999999999999982,0.009999999999999787,0.010000000000000009,0.020000000000000018,0.016191330177584007,0.02021817052977326,0.4941143108686319,0.45686900907622174,-2.1693354836170187,-0.24307953499254076,1.5577235744644646,2.8493787385556857,-2.1360336221566634,-6.6999969482421875,-8.419998168945312,-7.798269039671624,-3.6896732747307315,6.199951171875,0.15218715067515376,0.0525085690476601,0.03941365196924451,0.15940436307042005,-0.1349904190689699,-0.07470244010625848,-2.503365298859528,0.09000000000000341,0.5988041844622316,0.050464715434106466,-1.5230721823584759
2026-07-28,-0.04999999999999982,-0.040000000000000036,-0.009999999999999787,-0.029999999999999805,0.0,0.029999999999999805,0.2102096375459439,0.11613057985169206,-4.032514756848826,-2.0003815554887616,-1.8239186903738158,-0.21656211820837434,0.43772373139319143,2.8332351825401947,-1.3629140726207467,-3.3499984741210938,-4.2700042724609375,-4.139713124828681,-3.868598856794614,-38.300048828125,-0.9438577915329205,-0.12361299444014762,-0.12815308886198196,-0.22423339881133542,0.0977473901785153,0.3697907356699892,0.2295755472855987,-0.46000000000000085,0.5833671761682702,0.189049814680331,1.8407846250132476
2026-07-29,-0.040000000000000036,0.05999999999999961,0.05999999999999961,0.0,0.0,0.03000000000000025,-1.527739715707277,-0.6487307464745129,-1.5036424414800464,-2.090331173922877,-0.9950063209526405,-1.5292525231290988,-3.6243686849630308,-2.8332351825401947,1.8586007729408216,5.1999969482421875,6.650001525878906,6.354442395154614,2.339069535686289,-2.39990234375,-0.059440307477665044,0.13628049210057114,-0.5737420039609198,0.15019039596393946,0.05677190983446323,0.021474118277900467,0.05760654802511311,2.4499999999999993,-1.6638117011654074,-0.22690077764115912,1.3391305304517154
2026-07-30,0.010000000000000675,0.009999999999999787,0.010000000000000231,0.0,-0.010000000000000009,-0.03000000000000025,1.6468013977055662,1.5176697136897843,0.7027321462576452,4.0435485440978525,1.210108486968231,1.583429287253102,0.7883893270800968,2.2666604765499088,0.5271631236966279,-0.8700027465820312,-1.7099990844726562,-1.035418676533606,1.2037348908373158,63.800048828125,1.568294462773423,-0.9264635465779492,-0.7868183564049502,0.7061792467471573,-0.3447787149553072,-0.743483627139993,1.2705115941955114,-3.5700000000000003,-0.06036272070124582,0.28984124412820833,4.438371435557276
2026-07-31,0.04999999999999982,0.07000000000000028,0.009999999999999787,0.06000000000000005,0.0,0.010000000000000231,0.6979208383379287,0.21428797913110031,3.9529835383822487,0.7832060697153587,1.3125920420904436,0.10828619632690106,0.6404503994136057,-1.2706638950605864,0.995705063642216,1.0800018310546875,1.0900039672851562,1.2837474127719517,-0.3996342550947052,6.89990234375,0.16814474996778017,0.023477444007369286,-0.2101988452439585,0.4897021853883132,-1.927211539710516,-0.941240257342546,-2.9978357028635827,-1.0999999999999996,-0.6664708602710512,0.012585260718012137,0.4480994817940065
2026-08-03,-0.03000000000000025,-0.04999999999999982,-0.009999999999999787,-0.040000000000000036,-0.020000000000000018,-0.07000000000000028,1.4682592263996597,1.071466812198274,-0.9477680980717551,0.35823317500343066,-0.9153723100988387,1.9027751093457113,2.6435426223364367,4.347823193730882,-1.2844495002558354,-4.3300018310546875,-6.350006103515625,-5.249374267991236,1.230113942637101,-16.5,-0.402562300280529,-0.006934045120043919,0.1601882911661079,0.17761862751213275,-1.6370940916496934,0.15253281218474135,-0.033245755302679925,-0.13000000000000078,-0.07297197806535038,-0.21412666076754405,3.8733357365996035
2026-08-04,-0.04999999999999982,-0.07000000000000028,-0.040000000000000036,-0.03000000000000025,0.0,-0.04999999999999982,1.7737942015186192,0.9323890364328236,0.3173269556180358,2.57841219003625,0.8063836817745695,0.71419552142995,1.840082560059031,2.20987761016489,-0.4603204012735951,-4.569999694824219,-4.409996032714844,-5.856519170947028,-3.6247783200122563,62.10009765625,1.5067455639012906,-0.08140654911379386,-0.07005223739930955,-0.31810739637948005,-0.03363498806470133,0.4167322842822868,0.9333025393484462,0.6400000000000006,0.7635904567785623,0.3021599834412747,-0.287149962892741
2026-08-05,-0.020000000000000462,0.0,-0.009999999999999787,0.010000000000000231,-0.010000000000000009,0.020000000000000018,-0.16778990048802456,-0.1499607601164854,3.5977207085304386,-0.4251430283056301,-0.665900952592402,-0.2639180094351268,0.6482057598005575,0.38845784041892095,-2.0893431448120836,-0.5499954223632812,0.089996337890625,-0.7285222368395239,0.22346534772413884,152.60009765625,3.608897216402518,-0.1754079562395816,-0.20041789092273277,0.21771437570202723,0.1034159494450293,-0.15437314676904068,0.8418741360801008,-0.6899999999999995,0.21710333639850532,-0.03772730131998969,0.43041974176190045
2026-08-06,0.07000000000000028,0.0600000000000005,0.03999999999999959,0.020000000000000018,0.010000000000000009,-0.040000000000000036,-0.17610831844070418,0.3941605198059861,-0.9352430762797681,-1.0708448496857592,0.26654973705113605,-0.5033753442233113,-0.9118637921006645,-2.6902012675430242,1.4722678075528073,2.0699996948242188,3.0400009155273438,2.7147423693504535,-1.8018452284246145,-5.60009765625,-0.1301621945014375,0.10313965704522587,0.28047576651895056,0.2159005228781763,-0.058355581299718295,-0.30325613873595225,-0.5205470783877786,-0.6600000000000001,-0.5799960273789928,-0.0754781268770266,-0.2149817152567124
2026-08-07,-0.05999999999999961,-0.040000000000000036,-0.009999999999999787,-0.03000000000000025,0.0,-0.009999999999999787,0.6165187424711505,0.32702498150474213,-0.11660736064218469,0.9490393676909292,0.976460781881272,0.0,0.303548780628482,-0.3068381470074488,-1.141288279837127,0.8899993896484375,1.0600051879882812,1.1449271304177167,0.8298740866467313,100.10009765625,2.3014383344138523,-0.37422049722675155,-0.370800391930004,-0.28276111462930686,0.5120058219523216,0.7090459914742053,0.9572120395366923,-0.25,0.2904231166888316,0.18859819026690872,-1.2996526091697103
2026-08-10,0.05999999999999961,0.0699999999999994,0.040000000000000036,0.03000000000000025,0.0,0.0,-0.05841462941909015,0.18010299189157308,2.057003271037061,-0.7186044675720815,-0.29740654399343924,0.5297944795721321,0.15143259413950005,-3.438914537876414,4.555512846964405,3.9499969482421875,4.1699981689453125,4.928946004190493,4.839653098868569,20.0,0.4535463500511483,0.04517523533520418,0.21062049674736016,0.27466383880118683,-0.32753118582089513,-0.5232677232432009,-1.451304804556841,0.5600000000000005,-0.8494221427135074,-0.16342608474362308,0.29027568454740305
2026-08-11,-0.03000000000000025,-0.019999999999999574,-0.020000000000000018,0.0,0.010000000000000009,0.020000000000000018,-0.32180337931322356,0.23840903762177845,,0.3981661298104733,0.059646032697280305,-0.18511098070814747,0.3061406345208795,0.8235720403154012,1.2385592996083439,1.0699996948242188,1.19000244140625,1.2943986837165689,-0.9710542420739543,21.39990234375,0.48302508223887486,0.05060896625277422,0.010020674624477977,-0.0866251331641893,0.797992760252697,0.20395383548141577,-0.5628510258814501,-0.1800000000000015,0.15830126022660096,0.03773668610147496,-0.07249169455931792
2026-08-12,-0.019999999999999574,-0.020000000000000462,-0.010000000000000231,-0.010000000000000231,0.0,-0.010000000000000231,0.26232744800278596,-0.26335060477045147,0.8235991530979092,1.5619375605028907,1.1218306122344757,0.07938244611485068,-0.11121656111665601,-0.2526846628178703,0.16398572856815008,0.06999969482421875,0.06999969482421875,0.08409887865044041,1.3283247471617798,26.39990234375,0.5926852554766882,-0.05128056750969279,0.19016413643910823,-0.023098256958720143,0.0684587591480934,0.1480739027764022,-0.23542560615528174,-0.7299999999999986,-0.09738507107899252,0.12568939864214812,-0.8740032721951785
2026-08-13,-0.04999999999999982,-0.04999999999999982,-0.019999999999999574,-0.029999999999999805,0.0,0.0,0.6494991938586381,0.17554215575312782,1.1551566398559032,0.33048133084809805,0.24719047919408155,0.18496422915346145,-0.769983531361973,0.7561465316655358,0.04914832428628557,-2.0199966430664062,-1.910003662109375,-2.4557478724038795,-2.7844830636664764,-47.10009765625,-1.0598800411131037,0.05614707828112131,-0.0500105540778506,-0.11882812085932948,0.039551114055669245,0.23153738036374716,-0.0004127906064965714,0.08000000000000007,0.5828744327754265,0.2258474027144075,1.5965525166532046
2026-08-14,0.019999999999999574,0.04999999999999982,0.029999999999999805,0.020000000000000018,0.0,-0.040000000000000036,-0.16978741305937461,-0.08987916697780207,0.5914424705805388,-0.10503368711640704,-0.3271168332107166,-0.13208094680940974,1.4038522708966106,-0.9460844583506045,1.382470526889179,1.1500015258789062,1.4499969482421875,1.4054634223526818,0.21978184377178245,16.89990234375,0.38158717069123327,-0.23688771013024024,-0.29053861996217734,0.04613241117251421,0.06148437172353027,0.14996596192404232,-0.6750867021093399,-0.3800000000000008,-0.6681619118087845,-0.1003157840297142,2.818083057313503
2026-08-17,0.020000000000000462,0.040000000000000036,0.009999999999999787,0.029999999999999805,0.010000000000000009,0.03000000000000025,-0.5241165715608176,-0.13985649469994144,0.7343442933699151,1.0602639201243491,-0.6711105593682376,0.5009862053235725,-0.8009258467502889,-2.2753716338991925,1.0764052433690274,2.0999984741210938,2.350006103515625,2.5166078929754754,-1.5858706716444626,36.400390625,0.8169811040119157,-0.07471075172684749,-0.030102633978046356,0.3339306023681099,-0.1274051994728076,-0.18072255228294143,2.6510137670230804,0.9399999999999995,-0.8446129455619733,-0.1255316186846933,-2.02926824413896
2026-08-18,0.0,-0.009999999999999787,0.020000000000000018,-0.029999999999999805,0.010000000000000009,0.04999999999999982,-0.69056328168422,-0.958267100084953,-2.574785002682489,-2.9853014663446586,0.04358411654248329,0.10515488499094339,0.3814398747147507,-1.7329212007697326,1.74247788283024,0.44000244140625,0.149993896484375,0.5193619264711735,3.146983600428732,-53.10009765625,-1.1940394812965494,0.1422221116265554,0.010037770277371294,0.07641592211595771,0.07344803991760074,-0.25504836399193875,0.2700847372800297,0.6500000000000004,0.38035158291611637,-0.1005427147177329,-1.294053335791867
2026-08-19,0.0,-0.05999999999999961,0.0,-0.06000000000000005,0.0,-0.020000000000000018,0.21065577872612096,-0.36723715926711975,-3.214902250782714,1.171568045190341,-0.20204788609490265,0.15751528159211325,-2.4122739784183445,-1.3614683168717612,-0.1571562046580155,0.8899993896484375,0.600006103515625,1.0423463435793145,1.359586916762212,124.69970703125,2.7818233507169055,-0.5480472464569175,-0.8262841055777237,-0.02895540142169306,0.13171108823026856,0.20458090432561304,6.84938460027027,-0.9499999999999993,1.6517171452406387,0.22607433340242622,1.3297620626164797
2026-08-20,0.0,0.040000000000000036,0.040000000000000036,0.0,0.0,0.020000000000000018,-0.8706708745808811,-0.3481893307643702,1.3537464666136145,0.7684843415272091,-0.29025621333538254,0.3404509506355957,-3.552086853763914,-2.1971464125964957,0.2670199756654945,2.0,2.1599960327148438,2.303453171310643,-2.9206998455464817,26.10009765625,0.5725793280893399,-0.06593752405112951,0.07080331417599339,0.8115303380805128,-0.8017021154103965,-1.7975503962908368,5.295120538976228,1.120000000000001,-0.8224530323354351,-0.1883613654686478,1.3123044717149757
2026-08-21,0.04999999999999982,0.04999999999999982,0.0,0.04999999999999982,0.0,-0.04999999999999982,0.4336776121309782,0.6233997624812915,-0.30314613750039854,0.747722908629811,0.3859357640706662,0.15674342868150504,-0.09265160634601699,1.053892012960933,-0.17269901596401738,-0.7700042724609375,0.6100006103515625,-0.8805640695388917,1.4529845719731371,109.2001953125,2.360684534178681,-0.16249322288857115,-0.10116184151103269,0.12031339673619634,0.3827703937478333,0.22787211324981904,7.008881775516329,-0.8800000000000008,-0.35281171363186203,0.06282974678395448,3.870562118517462
2026-08-24,0.0,-0.040000000000000036,-0.020000000000000018,-0.020000000000000018,0.0,-0.010000000000000231,-0.28068043678342036,-0.22060448226568496,-0.742367734352456,-1.51620725015702,-1.092988467138234,1.8619555357141326,-1.674000310518764,0.337611333021437,-0.8362948611513765,-2.0499954223632812,-2.220001220703125,-2.38285863229164,0.32403494902966123,17.19970703125,0.3667944744055518,0.21719062798544186,0.20222144925314822,-0.053755228311819225,0.013223544323892611,0.1299798791689344,1.5431912662529967,0.7199999999999989,0.6196417431976187,0.11298267383494931,-0.40761211648288054
2026-08-25,-0.07000000000000028,-0.0600000000000005,0.0,-0.06000000000000005,0.0,0.010000000000000231,0.31858734610068495,0.11856997105521572,0.4998161556013514,1.7096987904097638,0.3471472479661841,0.5875596179219844,0.38486648367479503,1.4056458838856312,-1.6777564118707566,-2.6500015258789062,-3.589996337890625,-3.1669032188069046,-0.4322803498254091,-3.2998046875,-0.07026617318199868,-0.07710915469836266,-0.08084259918339498,-0.11324677410186057,0.14777916343735598,0.1709706081173823,-0.5072177186830729,-0.40000000000000036,1.0962028325143258,0.2756563923596467,2.520718310751713
2026-08-26,0.020000000000000462,0.020000000000000462,0.0,0.020000000000000018,-0.010000000000000009,-0.03000000000000025,-0.020576980512387877,0.2337912083294924,0.6141873757462335,-0.11903264631829558,0.10813009025554265,0.558805687473507,0.8838341701966179,-1.1027678057190737,0.5944252813265827,-0.12999725341796875,-0.7400054931640625,-0.15796497638529416,2.5660719045912828,-41.2001953125,-0.8815007372689365,0.18405037594453333,0.2524106591481612,0.05485763682369915,0.05276988575344532,-0.034914201696775726,0.5868895257053808,-0.23999999999999844,-0.2038714678554321,-0.025023955961600564,-0.03318944937755752
2026-08-27,0.009999999999999787,0.009999999999999787,0.010000000000000231,0.0,-0.010000000000000009,-0.040000000000000036,0.7177437188467195,-0.7135908715378392,-0.19665483158242125,0.6529218111355206,1.1584239174364797,-0.45697035084586446,-0.9009114047993982,-1.3872658384442627,-0.2245019998063924,1.2999954223632812,1.8600006103515625,1.5685594347353948,2.261361152548491,10.7001953125,0.2296845704414352,-0.07415403094137574,-0.010078663593127146,-0.17029889500295992,0.020094122393121694,0.41449578744053583,1.5445797722405175,-0.7000000000000011,-0.2042971305148633,-0.03755245521341877,-1.6064650958958815
2026-08-28,0.13999999999999968,0.0600000000000005,-0.020000000000000018,0.08000000000000007,-0.010000000000000009,-0.029999999999999805,-0.2490551059921131,0.94405122170933,0.4128435279811882,-0.6975927668960935,-0.5120872756871009,-0.10183533662764255,-0.6165931913910683,-0.5809005718342419,0.6241508392734296,-0.12999725341796875,-0.3899993896484375,-0.15575064932553673,-0.6557418891694367,-134.10009765625,-2.917360641023947,0.328629407945602,0.5430902260079584,0.012815208243449616,0.041430781229490066,-0.16036991282761537,-3.0710027313093136,-0.08000000000000007,-0.3011869131484879,-0.16290321541925223,4.615194497437125
2026-08-31,0.0,0.019999999999999574,0.0,0.020000000000000018,0.010000000000000009,0.029999999999999805,-0.3327681399442284,-1.0152051881958002,-0.141100960380669,-0.1788950240531051,-0.8105046543123606,-1.1785919129881695,-1.9386087919030182,-2.3579466278423222,2.021545129508162,2.3600006103515625,1.1800003051757812,2.7904394571284463,1.6143208790946773,-48.39990234375,-1.0742030822671111,-0.15169662914802373,-0.27117642971505873,-0.5799725563798513,0.5014957716560353,0.6300386415670545,1.1280159480270058,0.4900000000000002,-0.43530978491022054,0.08774641344269085,-0.3226862404106079
2026-09-01,0.04999999999999982,0.040000000000000036,0.040000000000000036,0.0,0.010000000000000009,0.020000000000000018,-0.7138209258204853,-0.8003735739816165,-0.1457601172878853,-0.3737204626927948,0.22277455282004865,-0.4649977622520396,-1.2736776964867857,-2.1635907519451436,1.258460771460701,4.459999084472656,4.160003662109375,5.069842327864826,-1.0618321715201384,-85.10009765625,-1.9171809815448526,0.07495004033026831,0.24108285469575108,0.24715546870549554,-0.23447110274954497,-0.07915390007354195,-1.468434511077099,1.42,-0.7907990586363489,-0.8935923814584079,2.079075723825996
2026-09-02,0.0,0.0,-0.010000000000000231,0.010000000000000231,0.0,0.010000000000000231,0.45927288664362464,-0.10729729164875579,-2.8953897477515866,0.5675118098984022,1.2953958369836371,-0.49318368254844813,-0.9313221909200031,1.5653131394227415,0.5082044409223663,0.7900009155273438,0.9799957275390625,0.8718268551201724,1.7747921343579165,18.2001953125,0.4131249846343721,-0.10725742470434341,-0.11042576307609409,-0.1903492516482974,0.2806783904131471,0.43212423150406076,-0.1333493446432854,-1.1400000000000006,0.09766110141278261,0.012644126542848966,4.850370602127629
2026-09-03,-0.04999999999999982,-0.020000000000000462,0.010000000000000231,-0.03000000000000025,0.010000000000000009,-0.010000000000000231,1.0524066479574046,0.3207591420208544,-0.1729579574297091,0.47541270391810997,0.7945715980865131,0.25987144383434746,1.1616913389017824,0.3171814204089962,-0.7400522875580684,0.29000091552734375,-0.1100006103515625,0.31814069647833065,-1.465351876805343,125.2998046875,2.798771202211725,-0.34024015251290507,-0.5640602842841957,-0.08809220783986549,-0.7978225892920854,0.15757072470281575,5.0098260888363555,-0.879999999999999,0.14632699725662945,0.12632451694276625,-2.6896520079864317
2026-09-04,0.03000000000000025,0.010000000000000675,0.0,0.010000000000000231,-0.010000000000000009,0.03000000000000025,-0.37642976954046503,0.1618773133845508,1.2480655753506653,1.806608207492566,0.6511749472091211,-0.05192227145807138,-0.16386332867330822,1.3282235297475964,-0.8703896830174251,0.18000030517578125,0.7600021362304688,0.19695848238709956,2.1060492296826494,-63.2998046875,-1.4041112330080097,-0.04555457694825904,0.16148939637163906,0.37026654659748637,-2.074566924897958,-0.6751042686818753,-1.9880567170122987,0.20999999999999908,0.17044001044554946,-0.06313749214763575,2.5689491681537113
2026-09-08,0.019999999999999574,0.019999999999999574,0.020000000000000018,0.0,0.0,-0.010000000000000231,-0.5857569545634433,0.14324060802337613,-1.7172484502507857,0.18905682060479378,-0.8102669009076635,-0.18193558650789754,-0.9262219815279416,-1.8574172752888085,1.1022375296531273,1.5499954223632812,1.6399993896484375,1.6801602808460103,-2.003123073256341,-37.60009765625,-0.8434725686313982,-0.13602509704817578,-0.3232400028781335,0.11737495100273831,-1.510749827436264,-0.11612988189868001,-0.8597379465072663,0.41999999999999993,-0.012167309146793315,-0.05054449678958406,-1.5825055700642743
2026-09-09,0.040000000000000036,0.03000000000000025,0.0,0.029999999999999805,0.0,0.040000000000000036,-0.48544115967761314,-1.5970794382088371,-0.1940723377996889,-0.5097942158711177,-0.05894837573539036,-0.3648672110008633,-1.8421225544869024,-0.8882630652164547,0.8302645166452294,3.0200042724609375,3.2900009155273438,3.194691232830138,-3.2766913315731783,21.7001953125,0.4876622322418811,-0.02485198029207325,-0.0708463136870563,-0.0023272848363425913,-0.2453359057419391,0.014830251662958926,-0.2285346965219759,0.7400000000000002,-0.5734092334632734,-0.1771023666494287,-1.2345765322425262
2026-09-10,0.1299999999999999,0.1200000000000001,0.029999999999999805,0.08999999999999986,-0.010000000000000009,-0.009999999999999787,-0.5865460975954306,-0.6770780806487409,0.1965560061096383,-2.1849161463162403,-1.2303720087784242,-0.18293405321267997,-0.5162492279679576,-0.64447162987884,-0.5835355312282076,6.430000305175781,6.4199981689453125,6.479876935828077,0.42433174108338356,-53.400390625,-1.204353542764558,0.16553509618404405,0.32346101807467775,0.05581939915128564,0.06187976936784523,0.10993899758625914,-2.184965985828491,1.379999999999999,-1.1691777577679474,-0.45685434334767905,-1.1243110475618767
2026-09-11,0.07000000000000028,0.009999999999999787,-0.040000000000000036,0.050000000000000266,-0.010000000000000009,-0.050000000000000266,0.8562076613022995,0.8918468135627577,-1.9486802774713041,1.2459318111115003,,-0.026156498339924283,0.31554558445083813,1.1783743649515621,0.32290192577750787,-2.4300003051757812,-3.0199966430664062,-2.399759881337271,-0.10591425084642836,1.60009765625,0.03629903420971914,0.11333469690386622,0.030277391715127777,-0.20569982453987334,0.5901538633457548,0.39674546838098235,0.7879113269485316,-2.0,0.11135660468442055,-0.02544749066730745,0.5637356096232615
2026-09-14,0.020000000000000462,0.009999999999999787,0.010000000000000231,0.0,0.010000000000000009,0.06000000000000005,-0.4843905127737358,-1.0289701808613216,-0.8130773688739268,-2.7648754478784454,0.14487201462678456,-1.1049888309025313,-1.028046247619674,0.03549327034293448,-0.9408577447327815,1.339996337890625,1.0699996948242188,1.3304369412579398,2.2700405114568722,-57.0,-1.3012694180211781,,0.34242790510594645,-0.138064410982483,-0.6872245772605368,0.4208868624120593,1.7099944459992855,1.2600000000000016,0.07416262078132618,-0.08909781795773952,-4.536070044008245
2026-09-15,0.019999999999999574,0.03000000000000025,0.009999999999999787,0.020000000000000018,0.0,0.04999999999999982,-0.45048942812435655,-0.38217398425235416,-0.013997357752337791,-0.34913997901160343,-0.8575895727455318,-1.0103810528530488,-1.28608882946315,-1.0702961509356346,2.1463364723076417,4.44000244140625,3.0699996948242188,4.285958946283408,0.7910618251029122,-19.10009765625,-0.43985696904567106,,0.1908517889574135,-0.3922672963384277,0.6244142876075998,0.05508983503510201,-3.3179570652345447,0.09999999999999787,-0.27221152856098385,-0.19119441127539716,0.19588470422284843
2026-09-16,0.07000000000000028,0.009999999999999787,-0.04999999999999982,0.06000000000000005,-0.020000000000000018,-0.05999999999999961,-0.4481570791481815,0.47988574858131017,0.6889728567168518,-0.060847148981135746,1.3126027569706267,-0.5090396324361812,0.5917059031490979,-0.2873562537968777,-2.924187328783212,-3.4000015258789062,-2.9199981689453125,-3.2654408979679417,-0.9638586910959424,54.7001953125,1.2545649573883821,,0.6601304585594825,-0.09465004899253116,0.5690369722024968,0.24031798456410625,0.7087568912613307,0.5100000000000016,0.21040687606239672,0.05102157852405753,-0.19588470422284843
2026-09-17,-0.07000000000000028,-0.0699999999999994,0.0,-0.07000000000000028,-0.010000000000000009,0.0,1.1317058397811053,0.8959963159565376,0.33304926761204,1.794517578322452,1.010692619422393,0.6158796986744264,-0.6477941143129051,1.3221591343895778,0.7003445793835716,-0.5199966430664062,-1.0100021362304688,-0.508953465246087,0.3453038778997497,12.2001953125,0.27768123817946133,,-0.08975848449672696,-0.5889942630876499,0.4805978570038505,0.7606544366540346,0.3322799827492062,-2.2700000000000014,1.1066159256339247,0.38182947360452246,3.1523984986935982
