,UST2Y,UST10Y,BEI10Y,TIPS10Y,BBB_OAS,HY_OAS,USD_BROAD,WTI_SPOT,BRENT_SPOT,VIX,BDRY,BTC-USD,BZ=F,CHF=X,CL=F,DX-Y.NYB,EEM,EIS,EURUSD=X,FXI,GC=F,GLD,HYG,ITA,JETS,JPY=X,KSA,NG=F,TA35.TA,TLT,USO,XLE,^FTSE,^GDAXI,^GSPC,^N225,^STOXX50E
2025-12-01,3.54,4.09,2.24,1.85,1.04,2.94,120.9862,59.47,64.22,17.24,9.34000015258789,86321.5703125,63.16999816894531,0.8033400177955627,59.31999969482422,99.41000366210938,54.279998779296875,104.02999877929688,1.1601465940475464,39.63999938964844,4274.7998046875,389.75,80.47000122070312,199.24000549316406,26.200000762939453,155.92799377441406,37.060001373291016,4.921000003814697,3429.68994140625,88.7699966430664,71.05999755859375,45.65999984741211,9702.5,23589.439453125,6812.6298828125,49303.28125,5667.47998046875
2025-12-02,3.51,4.09,2.24,1.85,1.03,2.92,121.1467,58.81,63.37,16.59,9.25,91350.203125,62.45000076293945,0.8046000003814697,58.63999938964844,99.36000061035156,54.29999923706055,105.69999694824219,1.1607661247253418,39.4900016784668,4220.7998046875,387.239990234375,80.62000274658203,201.30999755859375,26.649999618530273,155.5570068359375,36.97999954223633,4.840000152587891,3495.10009765625,88.80999755859375,70.19999694824219,45.06999969482422,9701.7998046875,23710.859375,6829.3701171875,49303.44921875,5686.169921875
2025-12-03,3.49,4.06,2.24,1.82,1.03,2.89,120.7336,59.09,63.75,16.08,9.300000190734863,93527.8046875,62.66999816894531,0.8028600215911865,58.95000076293945,98.8499984741211,54.34000015258789,107.25,1.1627906560897827,39.209999084472656,4232.5,386.8800048828125,80.69000244140625,201.6199951171875,27.1200008392334,155.8070068359375,37.040000915527344,4.994999885559082,3467.159912109375,89.05999755859375,70.66000366210938,45.915000915527344,9692.099609375,23693.7109375,6849.72021484375,49864.6796875,5694.56005859375
2025-12-04,3.52,4.11,2.26,1.85,1.02,2.88,120.6766,59.82,64.15,15.78,9.270000457763672,92141.625,63.2599983215332,0.7997599840164185,59.66999816894531,98.98999786376953,54.33000183105469,107.63999938964844,1.1666841506958008,39.310001373291016,4243.0,387.1300048828125,80.75,204.6699981689453,26.90999984741211,155.10699462890625,37.16999816894531,5.063000202178955,3506.550048828125,88.58000183105469,71.38999938964844,46.11000061035156,9710.900390625,23882.029296875,6857.1201171875,51028.421875,5718.080078125
2025-12-05,3.56,4.14,2.26,1.88,1.01,2.85,120.6863,60.23,64.42,15.41,9.0,89387.7578125,63.75,0.8037800192832947,60.08000183105469,98.98999786376953,54.7400016784668,107.54000091552734,1.1642799377441406,39.88999938964844,4243.0,386.44000244140625,80.75,202.41000366210938,27.43000030517578,155.14199829101562,37.20000076293945,5.289000034332275,,88.16999816894531,71.91999816894531,45.91999816894531,9667.0,24028.140625,6870.39990234375,50491.87109375,5723.93017578125
2025-12-06,,,,,,,,,,,,89272.375,,,,,,,,,,,,,,,,,,,,,,,,,
2025-12-07,,,,,,,,,,,,90405.640625,,,,,,,,,,,,,,,,,,,,,,,,,
2025-12-08,3.57,4.17,2.26,1.91,1.0,2.89,120.776,59.04,63.3,16.66,9.25,90640.203125,62.4900016784668,0.8048499822616577,58.880001068115234,99.08999633789062,54.619998931884766,109.04000091552734,1.164022445678711,39.470001220703125,4217.7001953125,385.4200134277344,80.55000305175781,204.35000610351562,27.43000030517578,155.33999633789062,37.189998626708984,4.9120001792907715,3548.5,87.87999725341797,70.48999786376953,45.41999816894531,9645.099609375,24046.009765625,6846.509765625,50581.94140625,5725.58984375
2025-12-09,3.61,4.18,2.26,1.92,1.0,2.89,120.6832,58.4,62.62,16.93,8.829999923706055,92691.7109375,61.939998626708984,0.8066380023956299,58.25,99.22000122070312,54.529998779296875,109.25,1.1641442775726318,38.81999969482422,4236.2001953125,387.3999938964844,80.45999908447266,202.6300048828125,27.479999542236328,155.843994140625,37.43000030517578,4.573999881744385,3569.0400390625,87.97000122070312,69.86000061035156,45.70000076293945,9642.0,24162.650390625,6840.509765625,50655.1015625,5718.31982421875
2025-12-10,3.54,4.13,2.25,1.88,1.0,2.91,120.6752,58.67,63.12,15.77,9.012999534606934,92020.9453125,62.209999084472656,0.805899977684021,58.459999084472656,98.79000091552734,55.13999938964844,110.55999755859375,1.1628313064575195,39.09000015258789,4224.7001953125,389.04998779296875,80.7300033569336,204.44000244140625,28.040000915527344,156.83799743652344,37.65999984741211,4.59499979019165,3604.64990234375,88.30999755859375,70.54000091552734,46.18000030517578,9655.5,24130.140625,6886.68017578125,50602.80078125,5708.1201171875
2025-12-11,3.52,4.14,2.25,1.89,1.0,2.88,119.98,57.76,61.87,14.85,8.84000015258789,92511.3359375,61.279998779296875,0.7993800044059753,57.599998474121094,98.3499984741211,54.880001068115234,111.97000122070312,1.1701242923736572,39.189998626708984,4313.0,393.239990234375,80.72000122070312,208.27000427246094,28.25,155.7899932861328,37.619998931884766,4.230999946594238,3631.85009765625,88.19000244140625,69.25,45.959999084472656,9703.2001953125,24294.609375,6901.0,50148.8203125,5753.9599609375
2025-12-12,3.52,4.19,2.26,1.93,1.01,2.91,120.1442,57.61,62.11,15.74,8.680000305175781,90270.4140625,61.119998931884766,0.7947900295257568,57.439998626708984,98.4000015258789,54.2400016784668,110.58000183105469,1.1739431619644165,39.08000183105469,4328.2998046875,395.44000244140625,80.56999969482422,209.41000366210938,28.280000686645508,155.56700134277344,37.400001525878906,4.11299991607666,,87.33999633789062,68.80999755859375,45.5099983215332,9649.0,24186.490234375,6827.41015625,50836.55078125,5720.7099609375
2025-12-13,,,,,,,,,,,,90298.7109375,,,,,,,,,,,,,,,,,,,,,,,,,
2025-12-14,,,,,,,,,,,,88175.1796875,,,,,,,,,,,,,,,,,,,,,,,,,
2025-12-15,3.51,4.18,2.25,1.93,1.02,2.91,119.9561,56.97,61.55,16.5,8.920000076293945,86419.78125,60.560001373291016,0.7961400151252747,56.81999969482422,98.1500015258789,54.08000183105469,109.55999755859375,1.1737639904022217,38.7400016784668,4335.2001953125,395.79998779296875,80.61000061035156,209.63999938964844,28.510000228881836,155.88800048828125,36.810001373291016,4.01200008392334,3595.6298828125,87.4000015258789,67.88999938964844,45.189998626708984,9751.2998046875,24229.91015625,6816.509765625,50168.109375,5752.52001953125
2025-12-16,3.48,4.15,2.23,1.92,1.03,2.98,119.8902,55.44,59.93,16.48,8.770000457763672,87843.984375,58.91999816894531,0.7960100173950195,55.27000045776367,98.1500015258789,52.97999954223633,108.79000091552734,1.1754610538482666,37.959999084472656,4332.2998046875,395.8900146484375,80.66000366210938,207.9499969482422,28.75,155.01499938964844,36.09000015258789,3.885999917984009,3607.330078125,87.87999725341797,66.16999816894531,43.810001373291016,9684.7998046875,24076.869140625,6800.259765625,49383.2890625,5717.830078125
2025-12-17,3.49,4.16,2.24,1.92,1.03,2.99,120.155,56.07,60.61,17.62,8.420000076293945,86143.7578125,59.68000030517578,0.795199990272522,55.939998626708984,98.37000274658203,52.599998474121094,108.19999694824219,1.1749500036239624,37.849998474121094,4373.89990234375,399.2900085449219,80.55999755859375,204.8000030517578,28.309999465942383,154.7779998779297,35.83000183105469,4.02400016784668,3635.080078125,87.80000305175781,67.9800033569336,44.779998779296875,9774.2998046875,23960.58984375,6721.43017578125,49512.28125,5681.669921875
2025-12-18,3.46,4.12,2.24,1.88,1.03,2.95,120.0528,56.22,60.69,16.87,8.656000137329102,85462.5078125,59.81999969482422,0.795199990272522,56.150001525878906,98.43000030517578,53.20000076293945,110.29000091552734,1.1742326021194458,38.209999084472656,4364.5,398.57000732421875,80.77999877929688,208.25,28.540000915527344,155.4949951171875,36.29999923706055,3.9079999923706055,3661.679931640625,88.22000122070312,67.19000244140625,44.130001068115234,9837.7998046875,24199.5,6774.759765625,49001.5,5741.7099609375
2025-12-19,3.48,4.16,2.24,1.92,1.02,2.9,120.1652,56.8,61.35,14.91,8.699999809265137,88103.3828125,60.470001220703125,0.7940099835395813,56.65999984741211,98.5999984741211,53.720001220703125,111.19000244140625,1.1725666522979736,38.599998474121094,4387.2998046875,399.0199890136719,80.36000061035156,213.91000366210938,28.739999771118164,155.58599853515625,36.36000061035156,3.9839999675750732,,87.55000305175781,68.02999877929688,44.130001068115234,9897.400390625,24288.400390625,6834.5,49507.2109375,5760.35009765625
2025-12-20,,,,,,,,,,,,88344.0,,,,,,,,,,,,,,,,,,,,,,,,,
2025-12-21,,,,,,,,,,,,88621.75,,,,,,,,,,,,,,,,,,,,,,,,,
2025-12-22,3.44,4.17,2.23,1.94,1.02,2.88,119.9912,58.18,62.22,14.08,8.880000114440918,88490.015625,62.06999969482422,0.7958300113677979,58.0099983215332,98.29000091552734,54.0099983215332,112.0,1.1708093881607056,38.630001068115234,4469.39990234375,408.2300109863281,80.43000030517578,219.36000061035156,29.200000762939453,157.67599487304688,36.54999923706055,3.9649999141693115,3708.780029296875,87.36000061035156,69.7300033569336,44.209999084472656,9866.0,24283.970703125,6878.490234375,50402.390625,5743.68994140625
2025-12-23,3.48,4.18,2.24,1.94,1.01,2.83,119.7057,58.55,63.7,14.0,8.739999771118164,87414.0,62.380001068115234,0.7914299964904785,58.380001068115234,97.94000244140625,54.310001373291016,112.38999938964844,1.1765950918197632,38.529998779296875,4505.7001953125,413.6400146484375,80.48999786376953,219.69000244140625,28.68000030517578,156.8769989013672,36.7599983215332,4.4079999923706055,3711.25,87.5,70.30000305175781,44.5,9889.2001953125,24340.060546875,6909.7900390625,50412.87109375,5749.27978515625
2025-12-24,3.47,4.15,2.24,1.91,1.0,2.84,119.4372,58.72,63.7,13.47,8.770000457763672,87611.9609375,62.2400016784668,0.7874500155448914,58.349998474121094,97.9800033569336,54.41999816894531,112.47000122070312,1.179551362991333,38.54999923706055,4502.7998046875,411.92999267578125,80.63999938964844,220.1999969482422,28.540000915527344,156.17599487304688,36.599998474121094,4.242000102996826,3719.64990234375,88.02999877929688,70.19999694824219,44.369998931884766,9870.7001953125,,6932.0498046875,50344.1015625,
2025-12-25,,,,,,,,,,,,87234.7421875,,,,,,,,,,,,,,,,,3603.3798828125,,,,,,,50407.7890625,
2025-12-26,3.46,4.14,2.23,1.91,1.0,2.86,119.4723,56.6,,13.6,8.75,87301.4296875,60.63999938964844,0.7880499958992004,56.7400016784668,98.0199966430664,54.79999923706055,109.69999694824219,1.1785364151000977,38.93000030517578,4552.7001953125,416.739990234375,80.5999984741211,218.07000732421875,28.40999984741211,156.08999633789062,36.56999969482422,4.366000175476074,,87.73999786376953,68.4800033569336,44.20000076293945,,,6929.93994140625,50750.390625,
2025-12-27,,,,,,,,,,,,87802.15625,,,,,,,,,,,,,,,,,,,,,,,,,
2025-12-28,,,,,,,,,,,,87835.8359375,,,,,,,,,,,,,,,,,,,,,,,,,
2025-12-29,3.45,4.12,2.22,1.9,1.0,2.87,119.5899,57.89,63.1,14.2,8.739999771118164,87138.140625,61.939998626708984,0.7892400026321411,58.08000183105469,98.04000091552734,54.65999984741211,110.12000274658203,1.1772738695144653,38.470001220703125,4343.60009765625,398.6000061035156,80.62999725341797,217.0,28.049999237060547,156.46299743652344,36.38999938964844,4.686999797821045,3623.81005859375,88.06999969482422,69.61000061035156,44.619998931884766,9866.5,24351.119140625,6905.740234375,50526.921875,5751.7099609375
2025-12-30,3.45,4.14,2.24,1.9,1.01,2.84,119.4939,57.79,62.3,14.33,8.680000305175781,88430.1328125,61.91999816894531,0.7886999845504761,57.95000076293945,98.23999786376953,54.880001068115234,110.69999694824219,1.1772878170013428,38.66999816894531,4386.2998046875,398.8900146484375,80.70999908447266,216.33999633789062,28.09000015258789,156.01300048828125,36.04999923706055,3.9719998836517334,3656.72998046875,87.86000061035156,69.73999786376953,44.959999084472656,9940.7001953125,24490.41015625,6896.240234375,50339.48046875,5796.22021484375
2025-12-31,3.47,4.18,2.25,1.93,1.01,2.81,119.7456,57.26,61.35,14.95,8.770000457763672,87508.828125,60.849998474121094,0.791700005531311,57.41999816894531,98.27999877929688,54.709999084472656,110.02999877929688,1.1747292280197144,38.290000915527344,4341.10009765625,396.30999755859375,80.62999725341797,214.69000244140625,28.06999969482422,156.41299438476562,36.40999984741211,3.686000108718872,3618.8701171875,87.16000366210938,69.16000366210938,44.709999084472656,9931.400390625,,6845.5,,
2026-01-01,,,,,,,,,,,,88731.984375,,,,,,,,,,,,,,,,,3695.2900390625,,,,,,,,
2026-01-02,3.47,4.19,2.25,1.94,1.01,2.83,119.6059,57.21,61.98,14.51,8.460000038146973,89944.6953125,60.75,0.7920299768447876,57.31999969482422,98.41999816894531,56.2400016784668,112.0,1.175046682357788,39.81999969482422,4329.60009765625,398.2799987792969,80.66999816894531,222.00999450683594,28.290000915527344,156.7310028076172,36.77000045776367,3.618000030517578,,87.02999877929688,68.95999908447266,45.650001525878906,9951.099609375,24539.33984375,6858.47021484375,,
2026-01-03,,,,,,,,,,,,90603.1875,,,,,,,,,,,,,,,,,,,,,,,,,
2026-01-04,,,,,,,,,,,,91413.4921875,,,,,,,,,,,,,,,,,,,,,,,,,
2026-01-05,3.46,4.17,2.26,1.91,1.01,2.81,119.6192,58.1,63.0,14.9,8.720000267028809,93882.5546875,61.7599983215332,0.79339998960495,58.31999969482422,98.2699966430664,56.86000061035156,114.27999877929688,1.1704667806625366,39.93000030517578,4451.5,408.760009765625,80.87999725341797,226.47999572753906,29.010000228881836,156.98899841308594,36.0,3.5230000019073486,3738.330078125,87.45999908447266,70.22000122070312,46.88999938964844,10004.599609375,24868.689453125,6902.0498046875,51832.80078125,5923.68994140625
2026-01-06,3.47,4.18,2.27,1.91,1.0,2.79,119.7807,56.97,62.1,14.75,8.8100004196167,93729.03125,60.70000076293945,0.7921000123023987,57.130001068115234,98.58000183105469,57.279998779296875,116.30999755859375,1.1714951992034912,39.90999984741211,4496.10009765625,413.17999267578125,80.9000015258789,230.2100067138672,29.149999618530273,156.62600708007812,37.029998779296875,3.3499999046325684,3845.389892578125,87.27999877929688,68.51000213623047,45.63999938964844,10122.7001953125,24892.19921875,6944.81982421875,52518.078125,5931.7900390625
2026-01-07,3.47,4.15,2.27,1.88,1.01,2.79,119.8719,56.01,61.08,15.38,8.789999961853027,91308.0546875,59.959999084472656,0.7954999804496765,55.9900016784668,98.68000030517578,56.849998474121094,117.12000274658203,1.1688251495361328,39.279998779296875,4462.5,409.2300109863281,80.87999725341797,226.41000366210938,29.030000686645508,156.67999267578125,36.31999969482422,3.5250000953674316,3845.780029296875,87.79000091552734,67.79000091552734,45.130001068115234,10048.2001953125,25122.259765625,6920.93017578125,51961.98046875,5923.56982421875
2026-01-08,3.49,4.19,2.27,1.92,1.01,2.76,120.0904,57.74,63.34,15.45,9.140000343322754,91027.125,61.9900016784668,0.7976499795913696,57.7599983215332,98.93000030517578,56.869998931884766,116.66000366210938,1.1676785945892334,39.400001525878906,4460.7001953125,411.489990234375,80.94000244140625,227.42999267578125,29.0,156.7310028076172,36.81999969482422,3.4070000648498535,3830.5400390625,87.3499984741211,70.54000091552734,46.54999923706055,10044.7001953125,25127.4609375,6921.4599609375,51117.26171875,5904.31982421875
2026-01-09,3.54,4.18,2.28,1.9,0.99,2.74,120.2215,58.96,65.11,14.49,8.850000381469727,90513.1015625,63.34000015258789,0.7990099787712097,59.119998931884766,99.12999725341797,57.13999938964844,117.9800033569336,1.1657865047454834,39.349998474121094,4500.89990234375,414.4700012207031,81.0,232.97000122070312,29.469999313354492,156.8800048828125,36.869998931884766,3.1689999103546143,3857.77001953125,87.93000030517578,70.77999877929688,46.66999816894531,10124.599609375,25261.640625,6966.27978515625,51939.890625,5997.47021484375
2026-01-10,,,,,,,,,,,,90386.6484375,,,,,,,,,,,,,,,,,,,,,,,,,
2026-01-11,,,,,,,,,,,,90827.4609375,,,,,,,,,,,,,,,,,,,,,,,,,
2026-01-12,3.54,4.19,2.29,1.9,0.99,2.74,119.9958,59.39,65.4,15.12,8.729999542236328,91192.9921875,63.869998931884766,0.8015260100364685,59.5,98.86000061035156,57.939998626708984,118.12999725341797,1.1623716354370117,40.63999938964844,4614.7001953125,422.2300109863281,81.04000091552734,236.5500030517578,29.25,158.1490020751953,37.81999969482422,3.4089999198913574,3884.1298828125,87.66999816894531,71.6500015258789,46.34000015258789,10140.7001953125,25405.33984375,6977.27001953125,,6016.2998046875
2026-01-13,3.53,4.18,2.3,1.88,0.98,2.75,120.1401,60.85,67.58,15.98,8.720999717712402,95321.78125,65.47000122070312,0.7973600029945374,61.150001525878906,99.12999725341797,57.5099983215332,117.66999816894531,1.1666978597640991,40.25,4599.10009765625,421.6300048828125,81.04000091552734,237.5399932861328,28.760000228881836,157.98599243164062,38.209999084472656,3.4189999103546143,3866.860107421875,87.81999969482422,73.4800033569336,47.0,10137.400390625,25420.66015625,6963.740234375,53549.16015625,6029.830078125
2026-01-14,3.51,4.15,2.29,1.86,0.98,2.76,119.9537,61.84,68.87,16.75,9.039999961853027,96929.328125,66.5199966430664,0.801010012626648,62.02000045776367,99.12999725341797,57.75,118.76000213623047,1.164252758026123,40.040000915527344,4635.7001953125,425.94000244140625,81.04000091552734,239.16000366210938,28.399999618530273,159.1790008544922,38.209999084472656,3.119999885559082,3928.47998046875,88.33000183105469,72.61000061035156,48.060001373291016,10184.400390625,25286.240234375,6926.60009765625,54341.23046875,6005.0498046875
2026-01-15,3.56,4.17,2.29,1.88,0.97,2.71,119.9951,59.13,66.16,15.84,9.479999542236328,95551.1875,63.7599983215332,0.7997199892997742,59.189998626708984,99.31999969482422,58.09000015258789,119.31999969482422,1.1646324396133423,40.0,4623.7001953125,423.3299865722656,81.04000091552734,241.2100067138672,29.049999237060547,158.40199279785156,37.9900016784668,3.128000020980835,3963.429931640625,88.30999755859375,71.12999725341797,47.61000061035156,10238.900390625,25352.390625,6944.47021484375,54110.5,6041.14013671875
2026-01-16,3.59,4.24,2.33,1.91,0.96,2.65,120.0838,59.4,66.97,15.86,9.800000190734863,95525.1171875,64.12999725341797,0.8034200072288513,59.439998626708984,99.38999938964844,57.869998931884766,119.1500015258789,1.1609008312225342,39.29999923706055,4595.39990234375,421.2900085449219,81.08999633789062,243.77000427246094,29.010000228881836,158.5959930419922,37.83000183105469,3.1029999256134033,3971.909912109375,87.80000305175781,71.6500015258789,47.689998626708984,10235.2998046875,25297.130859375,6940.009765625,53936.171875,6029.4501953125
2026-01-17,,,,,,,,,,,,95099.921875,,,,,,,,,,,,,,,,,,,,,,,,,
2026-01-18,,,,,,,,,,,,93634.4296875,,,,,,,,,,,,,,,,,,,,,,,,,
2026-01-19,,,,,0.96,2.65,,,66.91,18.84,,92553.59375,,0.7987200021743774,,,,,1.162493348121643,,,,,,,157.53500366210938,,,3968.81005859375,,,,10195.400390625,24959.060546875,,53583.5703125,5925.81982421875
2026-01-20,3.6,4.3,2.33,1.97,0.96,2.73,119.4455,60.3,67.68,20.09,10.239999771118164,88310.90625,64.91999816894531,0.7978900074958801,60.34000015258789,98.63999938964844,57.310001373291016,117.02999877929688,1.1639139652252197,38.869998931884766,4765.7998046875,437.2300109863281,80.87999725341797,237.89999389648438,28.280000686645508,158.177001953125,37.939998626708984,3.9070000648498535,3948.409912109375,86.6500015258789,71.86000061035156,47.599998474121094,10126.7998046875,24703.119140625,6796.85986328125,52991.1015625,5892.080078125
2026-01-21,3.6,4.26,2.34,1.92,0.95,2.69,119.3431,60.38,66.72,16.9,10.069999694824219,89376.9609375,65.23999786376953,0.7894999980926514,60.619998931884766,98.76000213623047,58.2599983215332,117.1500015258789,1.1727865934371948,39.34000015258789,4837.5,443.6000061035156,81.12000274658203,240.27000427246094,28.950000762939453,158.16200256347656,38.29999923706055,4.875,3932.18994140625,87.30999755859375,73.33999633789062,48.75,10138.099609375,24560.98046875,6875.6201171875,52774.640625,5882.8798828125
2026-01-22,3.61,4.26,2.31,1.95,0.93,2.64,119.1962,59.24,65.46,15.64,10.0,89462.453125,64.05999755859375,0.7963899970054626,59.36000061035156,98.36000061035156,58.70000076293945,117.81999969482422,1.1672970056533813,39.47999954223633,4913.39990234375,451.7900085449219,81.18000030517578,235.82000732421875,28.8799991607666,158.45599365234375,38.93000030517578,5.045000076293945,3973.260009765625,87.69000244140625,71.81999969482422,48.90999984741211,10150.099609375,24856.470703125,6913.35009765625,53688.890625,5956.169921875
2026-01-23,3.6,4.24,2.32,1.92,0.94,2.68,118.8976,60.7,68.16,16.09,10.359999656677246,89503.875,65.87999725341797,0.7889999747276306,61.06999969482422,97.5999984741211,59.06999969482422,118.77999877929688,1.1754610538482666,39.439998626708984,4979.7001953125,458.0,81.13999938964844,235.07000732421875,28.559999465942383,158.50100708007812,39.0099983215332,5.275000095367432,3986.6298828125,87.93000030517578,73.94999694824219,49.189998626708984,10143.400390625,24900.7109375,6915.60986328125,53846.87109375,5948.2001953125
2026-01-24,,,,,,,,,,,,89110.734375,,,,,,,,,,,,,,,,,,,,,,,,,
2026-01-25,,,,,,,,,,,,86572.21875,,,,,,,,,,,,,,,,,,,,,,,,,
2026-01-26,3.56,4.22,2.32,1.9,0.94,2.69,118.0525,60.46,67.7,16.15,10.979999542236328,88267.140625,65.58999633789062,0.7778699994087219,60.630001068115234,97.04000091552734,59.16999816894531,120.31999969482422,1.1858457326889038,39.45000076293945,5082.5,464.70001220703125,81.18000030517578,233.3800048828125,28.31999969482422,155.16600036621094,39.61000061035156,6.800000190734863,4005.64990234375,88.3499984741211,73.4800033569336,49.220001220703125,10148.900390625,24933.080078125,6950.22998046875,52885.25,5957.7998046875
2026-01-27,3.53,4.24,2.34,1.9,0.94,2.71,117.4523,62.04,70.28,16.35,11.260000228881836,89102.5703125,67.56999969482422,0.777239978313446,62.38999938964844,96.22000122070312,60.34000015258789,121.41999816894531,1.1876484155654907,39.939998626708984,5082.60009765625,476.1000061035156,81.16999816894531,237.02000427246094,27.860000610351562,154.33599853515625,40.119998931884766,6.953999996185303,4009.360107421875,87.80000305175781,75.66000366210938,49.66999816894531,10207.7998046875,24894.439453125,6978.60009765625,53333.5390625,5994.58984375
2026-01-28,3.56,4.26,2.36,1.9,0.93,2.72,117.5117,62.75,70.9,16.35,11.010000228881836,89184.5703125,68.4000015258789,0.7631999850273132,63.209999084472656,96.44999694824219,60.75,120.7300033569336,1.2017642259597778,40.5,5303.60009765625,494.55999755859375,81.04000091552734,233.69000244140625,27.690000534057617,152.4530029296875,40.13999938964844,7.460000038146973,3980.5400390625,87.5999984741211,76.62000274658203,50.04999923706055,10154.400390625,24822.7890625,6978.02978515625,53358.7109375,5933.2001953125
2026-01-29,3.53,4.24,2.35,1.89,0.94,2.77,117.4396,64.77,71.0,16.88,11.479999542236328,84561.5859375,70.70999908447266,0.7657399773597717,65.41999816894531,96.27999877929688,60.439998626708984,119.68000030517578,1.1977769136428833,40.779998779296875,5318.39990234375,495.8999938964844,81.02999877929688,232.77999877929688,28.420000076293945,153.0959930419922,39.869998931884766,3.9179999828338623,3978.8701171875,87.62000274658203,79.13999938964844,50.5099983215332,10171.7998046875,24309.4609375,6969.009765625,53375.6015625,5891.9501953125
2026-01-30,3.52,4.26,2.36,1.9,0.94,2.8,117.8996,64.5,72.25,17.44,11.529999732971191,84128.65625,70.69000244140625,0.7644100189208984,65.20999908447266,96.98999786376953,59.099998474121094,118.98999786376953,1.19657301902771,39.61000061035156,4745.10009765625,444.95001220703125,81.12000274658203,232.3800048828125,27.950000762939453,153.16200256347656,39.86000061035156,4.354000091552734,4003.669921875,87.12999725341797,79.5199966430664,51.04999923706055,10223.5,24538.810546875,6939.02978515625,53322.8515625,5947.81005859375
2026-01-31,,,,,0.95,2.88,,,,,,78621.1171875,,,,,,,,,,,,,,,,,,,,,,,,,
2026-02-01,,,,,,,,,,,,76974.4453125,,,,,,,,,,,,,,,,,,,,,,,,,
2026-02-02,3.57,4.29,2.35,1.94,0.93,2.81,118.3609,61.6,67.72,16.34,11.199999809265137,78688.765625,66.30000305175781,0.7735599875450134,62.13999938964844,97.61000061035156,59.279998779296875,120.72000122070312,1.1849182844161987,39.16999816894531,4652.60009765625,427.1300048828125,80.7699966430664,231.16000366210938,28.93000030517578,155.20199584960938,39.790000915527344,3.236999988555908,4049.320068359375,86.55000305175781,75.33000183105469,50.04999923706055,10341.599609375,24797.51953125,6976.43994140625,52655.1796875,6007.509765625
2026-02-03,3.57,4.28,2.36,1.92,0.94,2.85,117.9764,62.62,70.01,18.0,10.550000190734863,75633.546875,67.33000183105469,0.779009997844696,63.209999084472656,97.44000244140625,59.599998474121094,121.5,1.1798714399337769,38.720001220703125,4935.0,454.2900085449219,80.72000122070312,234.49000549316406,29.350000381469727,155.4429931640625,39.56999969482422,3.311000108718872,4119.81005859375,86.76000213623047,77.47000122070312,51.66999816894531,10314.599609375,24780.7890625,6917.81005859375,54720.66015625,5995.35009765625
2026-02-04,3.57,4.29,2.35,1.94,0.95,2.86,118.2602,64.56,71.15,18.64,10.850000381469727,73019.703125,69.45999908447266,0.7757599949836731,65.13999938964844,97.62000274658203,58.79999923706055,120.6500015258789,1.1816140413284302,38.27000045776367,4950.7998046875,453.9700012207031,80.62000274658203,228.0,29.809999465942383,155.7989959716797,39.630001068115234,3.4649999141693115,4120.509765625,86.54000091552734,77.87999725341797,52.83000183105469,10402.2998046875,24603.0390625,6882.72021484375,54293.359375,5970.47021484375
2026-02-05,3.47,4.21,2.32,1.89,0.96,2.97,118.5034,62.9,69.87,21.77,10.710000038146973,62702.09765625,67.55000305175781,0.7773100137710571,63.290000915527344,97.81999969482422,58.529998779296875,118.7699966430664,1.180163860321045,38.20000076293945,4889.5,441.8800048828125,80.52999877929688,226.17999267578125,29.469999313354492,156.91700744628906,39.220001220703125,3.509000062942505,4039.010009765625,87.4800033569336,76.69000244140625,52.209999084472656,10309.2001953125,24491.060546875,6798.39990234375,53818.0390625,5925.7001953125
2026-02-06,3.5,4.22,2.34,1.88,0.96,2.87,118.2407,63.77,70.45,17.76,10.649999618530273,70555.390625,68.05000305175781,0.7777000069618225,63.54999923706055,97.62999725341797,60.06999969482422,119.91000366210938,1.177786946296692,39.220001220703125,4979.7998046875,455.4599914550781,80.80999755859375,233.92999267578125,31.15999984741211,156.78399658203125,39.75,3.421999931335449,4051.8701171875,87.54000091552734,76.98999786376953,53.25,10369.7998046875,24721.4609375,6932.2998046875,54253.6796875,5998.39990234375
2026-02-07,,,,,,,,,,,,69281.96875,,,,,,,,,,,,,,,,,,,,,,,,,
2026-02-08,,,,,,,,,,,,70264.7265625,,,,,,,,,,,,,,,,,,,,,,,,,
2026-02-09,3.48,4.22,2.35,1.87,0.96,2.84,117.6392,64.53,71.19,17.36,10.949999809265137,70120.78125,69.04000091552734,0.7758299708366394,64.36000061035156,96.81999969482422,60.5099983215332,121.33000183105469,1.182578206062317,39.400001525878906,5079.39990234375,467.0299987792969,80.91999816894531,234.83999633789062,30.989999771118164,157.24400329589844,39.459999084472656,3.138000011444092,4119.77001953125,87.5199966430664,78.0199966430664,53.63999938964844,10386.2001953125,25014.869140625,6964.81982421875,56363.94140625,6059.009765625
2026-02-10,3.45,4.16,2.32,1.84,0.98,2.86,117.5216,64.2,71.01,17.79,11.180000305175781,68793.9609375,68.80000305175781,0.7671200037002563,63.959999084472656,96.80000305175781,60.599998474121094,123.01000213623047,1.1904053688049316,39.529998779296875,5031.0,462.3999938964844,80.83999633789062,233.2100067138672,30.8799991607666,156.1320037841797,39.22999954223633,3.115000009536743,4193.47021484375,88.52999877929688,78.02999877929688,53.58000183105469,10353.7998046875,24987.849609375,6941.81005859375,57650.5390625,6047.06005859375
2026-02-11,3.52,4.18,2.32,1.86,0.98,2.84,117.4601,64.8,71.52,17.65,11.4399995803833,66991.96875,69.4000015258789,0.7685700058937073,64.62999725341797,96.83000183105469,61.560001373291016,123.23999786376953,1.1889617443084717,39.470001220703125,5098.5,467.6300048828125,80.83000183105469,230.9499969482422,29.8700008392334,154.48199462890625,39.189998626708984,3.1589999198913574,4160.39990234375,88.05999755859375,78.88999938964844,54.97999954223633,10472.099609375,24856.150390625,6941.47021484375,,6035.64013671875
2026-02-12,3.47,4.09,2.29,1.8,0.99,2.92,117.5376,63.08,69.8,20.82,11.300000190734863,66221.84375,67.5199966430664,0.7711399793624878,62.84000015258789,96.93000030517578,60.86000061035156,122.97000122070312,1.1876062154769897,38.65999984741211,4948.39990234375,451.3900146484375,80.79000091552734,232.52999877929688,29.329999923706055,153.2689971923828,38.939998626708984,3.2170000076293945,4190.56005859375,89.2300033569336,76.37999725341797,53.97999954223633,10402.400390625,24852.689453125,6832.759765625,57639.83984375,6011.2900390625
2026-02-13,3.4,4.04,2.27,1.77,1.0,2.95,117.5258,63.05,69.96,20.6,11.489999771118164,68857.84375,67.75,0.7695500254631042,62.88999938964844,96.87999725341797,61.119998931884766,122.5,1.1868449449539185,38.33000183105469,5046.2998046875,462.6199951171875,80.8499984741211,234.8699951171875,29.360000610351562,152.8209991455078,39.15999984741211,3.243000030517578,4170.22021484375,89.72000122070312,76.22000122070312,54.349998474121094,10446.400390625,24914.880859375,6836.169921875,56941.96875,5985.22998046875
2026-02-14,,,,,,,,,,,,69767.625,,,,,,,,,,,,,,,,,,,,,,,,,
2026-02-15,,,,,,,,,,,,68788.1875,,,,,,,,,,,,,,,,,,,,,,,,,
2026-02-16,,,,,1.0,2.94,,,70.81,21.2,,68843.15625,,0.7682099938392639,,,,,1.1867464780807495,,,,,,,152.7790069580078,,,4185.75,,,,10473.7001953125,24800.91015625,,56806.41015625,5978.8798828125
2026-02-17,3.43,4.05,2.26,1.79,1.01,2.94,117.7375,62.53,69.77,20.29,11.680000305175781,67494.21875,67.41999816894531,0.769599974155426,62.33000183105469,97.16000366210938,60.869998931884766,122.88999938964844,1.1849884986877441,38.52000045776367,4905.89990234375,448.20001220703125,80.80999755859375,238.1699981689453,30.170000076293945,153.60899353027344,38.939998626708984,3.0309998989105225,4196.2998046875,89.87000274658203,75.7300033569336,53.75,10556.2001953125,24998.400390625,6843.22021484375,56566.48828125,6021.85009765625
2026-02-18,3.47,4.09,2.29,1.8,0.99,2.86,117.8426,65.33,71.78,19.62,11.760000228881836,66425.3203125,70.3499984741211,0.7702000141143799,65.19000244140625,97.69999694824219,61.189998626708984,122.58999633789062,1.185185194015503,38.720001220703125,5009.5,458.2799987792969,80.91000366210938,240.32000732421875,30.299999237060547,153.1490020751953,39.119998931884766,3.010999917984009,4232.64990234375,89.52999877929688,79.4000015258789,54.779998779296875,10686.2001953125,25278.2109375,6881.31005859375,57143.83984375,6103.3701171875
2026-02-19,3.47,4.08,2.29,1.79,0.99,2.88,118.2354,66.66,73.17,20.23,11.65999984741211,66957.5234375,71.66000366210938,0.7721999883651733,66.43000030517578,97.93000030517578,61.040000915527344,121.63999938964844,1.1788839101791382,38.61000061035156,4997.39990234375,459.55999755859375,80.94000244140625,243.49000549316406,29.100000381469727,154.6929931640625,38.130001068115234,2.996000051498413,4210.39013671875,89.62000274658203,81.19000244140625,55.18000030517578,10627.0,25043.5703125,6861.89013671875,57467.828125,6059.6201171875
2026-02-20,3.48,4.08,2.28,1.8,0.99,2.86,117.9917,66.69,72.75,19.09,11.729999542236328,68005.421875,71.76000213623047,0.7753400206565857,66.38999938964844,97.80000305175781,62.34000015258789,122.7699966430664,1.1769136190414429,38.810001373291016,5080.89990234375,468.6199951171875,81.0,243.64999389648438,29.469999313354492,155.16000366210938,38.630001068115234,3.046999931335449,4232.10986328125,89.41000366210938,80.8499984741211,54.880001068115234,10686.900390625,25260.689453125,6909.509765625,56825.69921875,6131.31005859375
2026-02-21,,,,,,,,,,,,68003.765625,,,,,,,,,,,,,,,,,,,,,,,,,
2026-02-22,,,,,,,,,,,,67659.390625,,,,,,,,,,,,,,,,,,,,,,,,,
2026-02-23,3.43,4.03,2.26,1.77,1.01,2.95,117.9395,66.36,71.9,21.01,11.770000457763672,64616.73828125,71.48999786376953,0.7717000246047974,66.30999755859375,97.69999694824219,61.650001525878906,122.38999938964844,1.1834739446640015,38.68000030517578,5225.60009765625,481.2799987792969,80.87000274658203,241.25999450683594,28.510000228881836,154.33900451660156,38.29999923706055,2.984999895095825,4243.47021484375,89.73999786376953,80.9000015258789,55.150001525878906,10684.7001953125,24991.970703125,6837.75,,6113.919921875
2026-02-24,3.43,4.04,2.26,1.78,1.02,2.97,117.9463,65.62,71.21,19.55,11.869999885559082,64080.04296875,70.7699966430664,0.7742300033569336,65.62999725341797,97.87999725341797,62.619998931884766,121.05000305175781,1.1793843507766724,38.369998931884766,5176.2998046875,474.6099853515625,80.80999755859375,243.11000061035156,28.81999969482422,154.63499450683594,38.18000030517578,2.9149999618530273,4169.0,89.9000015258789,80.76000213623047,55.099998474121094,10680.599609375,24986.25,6890.06982421875,57321.08984375,6116.60009765625
2026-02-25,3.45,4.05,2.28,1.77,1.01,2.94,117.769,65.3,70.69,17.93,11.680000305175781,67960.125,70.8499984741211,0.7737299799919128,65.41999816894531,97.69999694824219,63.310001373291016,120.7300033569336,1.1775233745574951,38.41999816894531,5226.2001953125,473.4200134277344,80.91999816894531,241.22000122070312,28.90999984741211,155.8800048828125,37.91999816894531,2.9690001010894775,4162.89990234375,89.91000366210938,79.7300033569336,54.869998931884766,10806.400390625,25175.939453125,6946.1298828125,58583.12109375,6173.31982421875
2026-02-26,3.42,4.02,2.28,1.74,1.03,2.98,117.9042,65.1,71.66,18.63,11.90999984741211,67453.7734375,70.75,0.7721400260925293,65.20999908447266,97.79000091552734,62.709999084472656,118.80999755859375,1.181516408920288,37.38999938964844,5194.2001953125,477.4800109863281,80.8499984741211,242.82000732421875,29.6299991607666,156.1999969482422,37.130001068115234,2.8269999027252197,4101.60009765625,90.2699966430664,79.7699966430664,55.04999923706055,10846.7001953125,25289.01953125,6908.85986328125,58753.390625,6161.56005859375
2026-02-27,3.38,3.97,2.25,1.72,1.07,3.1,117.8223,66.96,71.32,19.86,12.069999694824219,65881.796875,72.4800033569336,0.7732300162315369,67.0199966430664,97.61000061035156,62.58000183105469,118.77999877929688,1.1803030967712402,37.279998779296875,5247.89990234375,483.75,80.72000122070312,243.72000122070312,28.450000762939453,155.85899353027344,37.16999816894531,2.8589999675750732,4128.35986328125,90.81999969482422,81.94999694824219,55.91999816894531,10910.599609375,25284.259765625,6878.8798828125,58850.26953125,6138.41015625
2026-02-28,,,,,1.08,3.12,,,,,,66995.859375,,,,,,,,,,,,,,,,,,,,,,,,,
2026-03-01,,,,,,,,,,,,65738.1015625,,,,,,,,,,,,,,,,,,,,,,,,,
2026-03-02,3.47,4.05,2.29,1.76,1.06,3.03,118.667,71.13,77.24,21.44,12.220000267028809,68775.8515625,77.73999786376953,0.7695299983024597,71.2300033569336,98.37999725341797,61.5,125.36000061035156,1.1759449243545532,36.900001525878906,5311.60009765625,490.0,80.27999877929688,250.5800018310547,27.700000762939453,156.63299560546875,36.58000183105469,2.9600000381469727,4315.60009765625,89.61000061035156,87.19000244140625,57.040000915527344,10780.099609375,24638.0,6881.6201171875,58057.23828125,5986.93017578125
2026-03-03,3.51,4.06,2.29,1.77,1.06,3.08,119.4341,74.48,83.28,23.57,12.5,68293.6484375,81.4000015258789,0.7787100076675415,74.55999755859375,99.05000305175781,58.41999816894531,123.81999969482422,1.1697274446487427,36.060001373291016,5123.7001953125,468.1400146484375,80.12000274658203,244.97999572753906,27.43000030517578,157.2570037841797,36.68000030517578,3.053999900817871,,89.43000030517578,90.19999694824219,56.52000045776367,10484.099609375,23790.650390625,6816.6298828125,56279.05078125,5771.72998046875
2026-03-04,3.54,4.09,2.29,1.8,1.03,2.97,119.0705,74.58,81.56,21.15,11.90999984741211,72710.578125,81.4000015258789,0.7819200158119202,74.66000366210938,98.7699966430664,59.04999923706055,125.83000183105469,1.161224365234375,36.209999084472656,5134.7001953125,471.79998779296875,80.4000015258789,246.97000122070312,27.31999969482422,157.7729949951172,37.459999084472656,2.9170000553131104,4309.68017578125,89.1500015258789,91.55999755859375,56.189998626708984,10567.7001953125,24205.359375,6869.5,54245.5390625,5870.919921875
2026-03-05,3.57,4.13,2.31,1.82,1.04,3.0,119.5683,80.88,88.59,23.75,11.520000457763672,70841.125,85.41000366210938,0.7791500091552734,81.01000213623047,99.31999969482422,57.630001068115234,125.80999755859375,1.1635618209838867,35.58000183105469,5078.7001953125,466.1300048828125,80.08000183105469,240.0399932861328,26.079999923706055,156.98300170898438,37.25,3.003000020980835,4355.91015625,88.79000091552734,96.30999755859375,56.47999954223633,10413.900390625,23815.75,6830.7099609375,55278.05859375,5782.89013671875
2026-03-06,3.56,4.15,2.35,1.8,1.06,3.13,119.491,90.77,95.74,29.49,10.460000038146973,68136.4921875,92.69000244140625,0.7806599736213684,90.9000015258789,98.98999786376953,57.31999969482422,125.70999908447266,1.1608065366744995,35.81999969482422,5158.7001953125,473.510009765625,79.69000244140625,242.1999969482422,25.350000381469727,157.53399658203125,37.09000015258789,3.186000108718872,4356.68017578125,88.45999908447266,108.7699966430664,56.56999969482422,10284.7998046875,23591.029296875,6740.02001953125,55620.83984375,5719.89990234375
2026-03-07,,,,,,,,,,,,67272.59375,,,,,,,,,,,,,,,,,,,,,,,,,
2026-03-08,,,,,,,,,,,,65969.78125,,,,,,,,,,,,,,,,,,,,,,,,,
2026-03-09,3.56,4.12,2.34,1.78,1.07,3.19,119.5151,94.65,94.35,25.5,10.260000228881836,68402.3828125,98.95999908447266,0.781220018863678,94.7699966430664,99.18000030517578,58.45000076293945,123.88999938964844,1.152325987815857,36.47999954223633,5103.7001953125,472.5299987792969,80.16999816894531,241.99000549316406,25.770000457763672,158.427001953125,38.25,3.119999885559082,4227.02001953125,89.2300033569336,104.33000183105469,56.31999969482422,10249.5,23409.369140625,6795.990234375,52728.71875,5685.2001953125
2026-03-10,3.57,4.15,2.33,1.82,1.06,3.06,118.7255,83.71,89.84,24.93,10.229999542236328,69926.921875,87.80000305175781,0.7778800129890442,83.44999694824219,98.83000183105469,58.68000030517578,121.83999633789062,1.1617234945297241,36.59000015258789,5242.10009765625,477.8599853515625,80.04000091552734,239.72000122070312,25.350000381469727,157.84800720214844,38.279998779296875,3.0199999809265137,4187.97021484375,88.27999877929688,105.86000061035156,55.599998474121094,10412.2001953125,23968.630859375,6781.47998046875,54248.390625,5837.169921875
2026-03-11,3.64,4.21,2.36,1.85,1.09,3.09,119.2885,86.8,90.98,24.23,10.699999809265137,70204.8828125,91.9800033569336,0.778577983379364,87.25,99.2300033569336,58.83000183105469,120.80999755859375,1.1611299514770508,36.400001525878906,5179.10009765625,476.239990234375,79.86000061035156,238.67999267578125,25.219999313354492,158.11399841308594,38.11000061035156,3.2090001106262207,4211.81982421875,87.13999938964844,108.05000305175781,56.97999954223633,10353.7998046875,23640.029296875,6775.7998046875,55025.37109375,5794.68017578125
2026-03-12,3.76,4.27,2.38,1.89,1.12,3.17,119.8227,95.61,102.38,27.29,10.399999618530273,70493.4609375,100.45999908447266,0.7817400097846985,95.7300033569336,99.73999786376953,56.95000076293945,117.69999694824219,1.1543211936950684,36.15999984741211,5125.7998046875,466.8800048828125,79.3499984741211,231.49000549316406,24.219999313354492,159.0749969482422,37.900001525878906,3.2330000400543213,4146.169921875,86.97000122070312,118.38999938964844,57.5099983215332,10305.2001953125,23589.650390625,6672.6201171875,54452.9609375,5748.89013671875
2026-03-13,3.73,4.28,2.36,1.92,1.15,3.28,120.5518,98.48,103.23,27.19,10.489999771118164,70968.265625,103.13999938964844,0.7853400111198425,98.70999908447266,100.36000061035156,56.79999923706055,117.91999816894531,1.1521666049957275,36.2400016784668,5061.7001953125,460.8399963378906,79.19999694824219,229.33999633789062,24.049999237060547,159.20599365234375,37.599998474121094,3.13100004196167,4177.580078125,86.54000091552734,119.88999938964844,57.70000076293945,10261.2001953125,23447.2890625,6632.18994140625,53819.609375,5716.60986328125
2026-03-14,,,,,,,,,,,,71214.625,,,,,,,,,,,,,,,,,,,,,,,,,
2026-03-15,,,,,,,,,,,,72789.9140625,,,,,,,,,,,,,,,,,,,,,,,,,
2026-03-16,3.68,4.23,2.36,1.87,1.16,3.27,120.097,93.39,101.04,23.51,10.670000076293945,74861.0859375,100.20999908447266,0.7899199724197388,93.5,99.70999908447266,58.380001068115234,119.06999969482422,1.1435105800628662,36.880001068115234,5002.2001953125,460.42999267578125,79.44999694824219,232.80999755859375,24.579999923706055,159.5679931640625,38.310001373291016,3.0230000019073486,4177.0400390625,87.20999908447266,115.02999877929688,57.900001525878906,10317.7001953125,23564.009765625,6699.3798828125,53751.1484375,5739.009765625
2026-03-17,3.68,4.2,2.37,1.83,1.14,3.22,119.8328,96.01,108.39,22.37,10.430000305175781,73922.4765625,103.41999816894531,0.7880499958992004,96.20999908447266,99.58000183105469,58.75,121.77999877929688,1.1499539613723755,36.88999938964844,5008.2001953125,459.2699890136719,79.80999755859375,232.89999389648438,25.06999969482422,159.10499572753906,38.18000030517578,3.0329999923706055,4242.47998046875,87.44999694824219,118.83999633789062,58.5099983215332,10403.599609375,23730.919921875,6716.08984375,53700.390625,5769.25
2026-03-18,3.76,4.26,2.4,1.86,1.13,3.2,119.9276,96.12,118.09,25.09,10.699999809265137,71245.578125,107.37999725341797,0.7847700119018555,96.31999969482422,100.08999633789062,57.560001373291016,121.58000183105469,1.153948187828064,36.20000076293945,4896.2001953125,444.739990234375,79.4000015258789,231.42999267578125,24.59000015258789,158.88900756835938,37.7400016784668,3.065000057220459,4295.10986328125,86.95999908447266,121.66999816894531,58.43000030517578,10305.2998046875,23502.25,6624.7001953125,55239.3984375,5736.85009765625
2026-03-19,3.79,4.25,2.37,1.88,1.13,3.27,120.1802,96.11,111.05,24.06,10.020000457763672,69912.7890625,108.6500015258789,0.7926300168037415,96.13999938964844,99.2300033569336,57.619998931884766,122.8499984741211,1.1464471817016602,36.189998626708984,4605.7001953125,426.4100036621094,79.66000366210938,227.32000732421875,24.690000534057617,159.7949981689453,37.599998474121094,3.1659998893737793,4305.02978515625,87.48999786376953,117.36000061035156,59.36000061035156,10063.5,22839.560546875,6606.490234375,53372.53125,5613.830078125
2026-03-20,3.88,4.39,2.38,2.01,1.11,3.24,120.2757,98.71,118.42,26.78,10.010000228881836,70522.5859375,112.19000244140625,0.7886999845504761,98.31999969482422,99.6500015258789,55.63999938964844,120.18000030517578,1.157755732536316,35.15999984741211,4574.89990234375,413.3800048828125,78.91999816894531,222.55999755859375,24.09000015258789,157.9239959716797,36.779998779296875,3.0950000286102295,4313.85986328125,85.83000183105469,121.43000030517578,59.310001373291016,9918.2998046875,22380.189453125,6506.47998046875,,5501.27978515625
2026-03-21,,,,,,,,,,,,68711.5234375,,,,,,,,,,,,,,,,,,,,,,,,,
2026-03-22,,,,,,,,,,,,67845.2109375,,,,,,,,,,,,,,,,,,,,,,,,,
2026-03-23,3.83,4.34,2.33,2.01,1.11,3.19,119.9371,89.33,103.79,26.15,9.989999771118164,70914.859375,99.94000244140625,0.7878199815750122,88.12999725341797,98.94999694824219,57.310001373291016,120.51000213623047,1.1560158729553223,35.380001068115234,4407.2998046875,404.0400085449219,79.44000244140625,223.35000610351562,24.93000030517578,159.23399353027344,37.86000061035156,2.8910000324249268,4318.1298828125,86.38999938964844,110.55999755859375,59.630001068115234,9894.2001953125,22653.859375,6581.0,51515.48828125,5574.31982421875
2026-03-24,3.9,4.39,2.33,2.06,1.09,3.19,120.1295,93.18,108.42,26.95,9.800000190734863,70517.859375,104.48999786376953,0.7864000201225281,92.3499984741211,99.43000030517578,56.52000045776367,119.19999694824219,1.1607122421264648,35.34000015258789,4402.0,404.1300048828125,79.16999816894531,222.63999938964844,24.829999923706055,158.47900390625,37.720001220703125,2.943000078201294,4267.509765625,86.01000213623047,114.54000091552734,60.84000015258789,9965.2001953125,22636.91015625,6556.3701171875,52252.28125,5581.2900390625
2026-03-25,3.84,4.33,2.31,2.02,1.09,3.17,120.1282,91.51,109.14,25.33,10.0,71309.8828125,102.22000122070312,0.7879999876022339,90.31999969482422,99.5999984741211,57.41999816894531,120.41000366210938,1.16146719455719,36.0,4552.2998046875,416.2900085449219,79.41999816894531,225.86000061035156,25.299999237060547,158.71800231933594,38.400001525878906,2.9519999027252197,4309.10986328125,86.83999633789062,113.38999938964844,60.56999969482422,10106.7998046875,22957.080078125,6591.89990234375,53749.62109375,5649.330078125
2026-03-26,3.96,4.42,2.34,2.08,1.11,3.21,120.389,96.18,113.39,27.44,10.0,68791.625,108.01000213623047,0.7915499806404114,94.4800033569336,99.9000015258789,55.470001220703125,118.55000305175781,1.1561496257781982,34.93000030517578,4376.2998046875,400.6400146484375,78.91999816894531,220.1199951171875,25.010000228881836,159.38400268554688,38.40999984741211,2.999000072479248,4261.85009765625,86.11000061035156,117.26000213623047,61.52000045776367,9972.2001953125,22612.970703125,6477.16015625,53603.6484375,5565.93017578125
2026-03-27,3.88,4.44,2.31,2.13,1.14,3.42,120.8851,101.26,121.47,31.05,9.930000305175781,66338.375,112.56999969482422,0.7946799993515015,99.63999938964844,100.1500015258789,55.20000076293945,113.88999938964844,1.1535090208053589,34.849998474121094,4492.5,414.70001220703125,78.72000122070312,216.0399932861328,24.1299991607666,159.70399475097656,37.90999984741211,3.0950000286102295,4100.1201171875,85.63999938964844,124.19999694824219,62.560001373291016,9967.400390625,22300.75,6368.85009765625,53373.0703125,5505.7998046875
2026-03-28,,,,,,,,,,,,66319.6953125,,,,,,,,,,,,,,,,,,,,,,,,,
2026-03-29,,,,,,,,,,,,65954.921875,,,,,,,,,,,,,,,,,,,,,,,,,
2026-03-30,3.82,4.35,2.31,2.04,1.16,3.46,121.2851,104.69,121.88,30.61,9.9399995803833,66691.4453125,112.77999877929688,0.7997999787330627,102.87999725341797,100.51000213623047,54.75,110.2300033569336,1.149200677871704,35.0,4526.0,414.5799865722656,78.80999755859375,210.7899932861328,23.639999389648438,160.23399353027344,38.790000915527344,2.88700008392334,4022.570068359375,86.77999877929688,129.8300018310547,61.959999084472656,10128.0,22562.880859375,6343.72021484375,51885.8515625,5541.7900390625
2026-03-31,3.79,4.3,2.3,2.0,1.13,3.28,121.035,102.86,126.69,25.25,9.970000267028809,68233.3125,118.3499984741211,0.7998800277709961,101.37999725341797,99.95999908447266,56.790000915527344,116.04000091552734,1.1460003852844238,35.900001525878906,4647.60009765625,430.2900085449219,79.55999755859375,218.75,24.6299991607666,159.84100341796875,39.75,2.884000062942505,4099.009765625,86.69000244140625,127.25,61.2599983215332,10176.5,22680.0390625,6528.52001953125,51063.71875,5569.72998046875
2026-04-01,3.81,4.33,2.31,2.02,1.1,3.16,120.1198,101.9,119.56,24.54,10.324999809265137,68078.5546875,101.16000366210938,0.7976300120353699,100.12000274658203,99.6500015258789,57.22999954223633,118.51000213623047,1.1574207544326782,35.560001373291016,4813.10009765625,437.82000732421875,79.37000274658203,223.63999938964844,25.270000457763672,158.57899475097656,39.56999969482422,2.819000005722046,,86.26000213623047,124.08999633789062,58.970001220703125,10364.7998046875,23298.890625,6575.31982421875,53739.6796875,5732.7099609375
2026-04-02,3.79,4.31,2.34,1.97,1.09,3.17,120.503,113.23,127.61,23.87,10.449999809265137,66888.5703125,109.02999877929688,0.7939500212669373,111.54000091552734,100.02999877929688,56.59000015258789,117.8499984741211,1.159057378768921,35.560001373291016,4679.7001953125,429.4100036621094,79.55999755859375,221.91000366210938,24.93000030517578,158.68800354003906,39.380001068115234,2.799999952316284,,86.79000091552734,137.9199981689453,59.25,10436.2998046875,23168.080078125,6582.68994140625,52463.26953125,5692.85986328125
2026-04-03,3.84,4.35,2.36,1.99,1.09,3.13,120.6565,,,,,66931.1015625,,0.7986299991607666,,,,,1.1541746854782104,,,,,,,159.49099731445312,,,4189.31005859375,,,,,,,53123.48828125,
2026-04-04,,,,,,,,,,,,67290.515625,,,,,,,,,,,,,,,,,,,,,,,,,
2026-04-05,,,,,,,,,,,,68981.8984375,,,,,,,,,,,,,,,,,,,,,,,,,
2026-04-06,3.84,4.34,2.36,1.98,1.07,3.05,120.4302,114.01,,24.17,9.9399995803833,68859.828125,109.7699966430664,0.8011500239372253,112.41000366210938,99.9800033569336,57.11000061035156,118.36000061035156,1.150999665260315,35.54999923706055,4684.7001953125,427.6499938964844,79.69999694824219,225.1999969482422,24.989999771118164,159.77999877929688,39.25,2.811000108718872,4248.43017578125,86.6500015258789,138.94000244140625,59.68000030517578,,,6611.830078125,53413.6796875,
2026-04-07,3.81,4.33,2.37,1.96,1.08,3.12,120.32,114.58,138.21,25.78,10.4399995803833,71940.703125,109.2699966430664,0.7980999946594238,112.94999694824219,99.63999938964844,57.310001373291016,118.37000274658203,1.1541212797164917,35.47999954223633,4684.7001953125,431.80999755859375,79.72000122070312,223.3000030517578,24.790000915527344,159.68299865722656,38.779998779296875,2.869999885559082,,86.63999938964844,138.0800018310547,60.15999984741211,10348.7998046875,22921.58984375,6616.85009765625,53429.55859375,5633.22021484375
2026-04-08,3.79,4.29,2.33,1.96,1.05,2.94,119.0596,96.17,122.11,21.04,10.600000381469727,71123.359375,94.75,0.7904000282287598,94.41000366210938,99.12999725341797,60.439998626708984,122.37999725341797,1.1686612367630005,36.349998474121094,4777.2001953125,434.5299987792969,80.19000244140625,232.1699981689453,26.190000534057617,158.71600341796875,39.54999923706055,2.7239999771118164,,86.91999816894531,124.58000183105469,58.04999923706055,10608.900390625,24080.630859375,6782.81005859375,56308.421875,5913.3701171875
2026-04-09,3.78,4.29,2.34,1.95,1.05,2.9,118.8998,99.62,119.03,19.49,10.300000190734863,71767.828125,95.91999816894531,0.7914000153541565,97.87000274658203,98.81999969482422,60.279998779296875,123.91000366210938,1.16593599319458,36.290000915527344,4818.0,437.9100036621094,80.27999877929688,231.75999450683594,26.110000610351562,158.64199829101562,39.630001068115234,2.6700000762939453,4360.39990234375,86.69999694824219,126.95999908447266,57.33000183105469,10603.5,23806.990234375,6824.66015625,55895.3203125,5896.2900390625
2026-04-10,3.81,4.31,2.36,1.95,1.04,2.94,118.8552,98.34,119.07,19.23,10.699999809265137,72979.046875,95.19999694824219,0.7908700108528137,96.56999969482422,98.6500015258789,60.560001373291016,125.58999633789062,1.1691256761550903,36.25,4787.39990234375,437.1300048828125,79.95999908447266,229.63999938964844,25.889999389648438,159.11199951171875,39.689998626708984,2.6480000019073486,4443.22021484375,86.48999786376953,124.81999969482422,56.939998626708984,10600.5,23803.94921875,6816.89013671875,56924.109375,5926.10986328125
2026-04-11,,,,,,,,,,,,73054.2734375,,,,,,,,,,,,,,,,,,,,,,,,,
2026-04-12,,,,,,,,,,,,70753.40625,,,,,,,,,,,,,,,,,,,,,,,,,
2026-04-13,3.78,4.3,2.38,1.92,1.04,2.95,118.9916,100.72,123.28,19.12,11.0600004196167,74484.640625,99.36000061035156,0.7926099896430969,99.08000183105469,98.37000274658203,61.06999969482422,125.05999755859375,1.1675150394439697,36.459999084472656,4767.39990234375,435.3599853515625,80.26000213623047,232.80999755859375,25.809999465942383,159.67999267578125,40.189998626708984,2.627000093460083,4382.7099609375,86.75,128.47000122070312,57.11000061035156,10583.0,23742.439453125,6886.240234375,56502.76953125,5905.02001953125
2026-04-14,3.76,4.26,2.37,1.89,1.02,2.84,118.3581,93.07,118.69,18.36,11.420000076293945,74181.609375,94.79000091552734,0.7832000255584717,91.27999877929688,98.12000274658203,62.2400016784668,127.33999633789062,1.176885962486267,36.88999938964844,4850.10009765625,445.0899963378906,80.5,235.42999267578125,26.950000762939453,159.21400451660156,40.29999923706055,2.5989999771118164,4450.81982421875,87.20999908447266,123.8499984741211,55.95000076293945,10609.099609375,24044.220703125,6967.3798828125,57877.390625,5984.509765625
2026-04-15,3.76,4.29,2.39,1.9,1.01,2.85,118.3623,93.04,114.93,18.17,11.399999618530273,74805.078125,94.93000030517578,0.7809100151062012,91.29000091552734,98.05999755859375,62.20000076293945,127.44000244140625,1.179940938949585,36.880001068115234,4823.60009765625,440.4599914550781,80.45999908447266,234.0,27.020000457763672,158.79200744628906,40.630001068115234,2.609999895095825,4428.64013671875,86.83000183105469,122.58999633789062,55.7599983215332,10559.599609375,24066.69921875,7022.9501953125,58134.23828125,5940.33984375
2026-04-16,3.78,4.32,2.39,1.93,1.01,2.86,118.3616,96.46,116.63,17.94,11.130000114440918,75152.1328125,99.38999938964844,0.7813100218772888,94.69000244140625,98.22000122070312,62.45000076293945,126.3499984741211,1.1809163093566895,37.22999954223633,4808.2998046875,440.0799865722656,80.3499984741211,229.02999877929688,26.6299991607666,158.8090057373047,40.369998931884766,2.6470000743865967,4378.4501953125,86.27999877929688,125.83999633789062,56.58000183105469,10590.0,24154.470703125,7041.27978515625,59518.33984375,5933.27978515625
2026-04-17,3.71,4.26,2.36,1.9,1.01,2.83,118.0795,85.91,98.63,17.48,11.4399995803833,77126.875,90.37999725341797,0.7832000255584717,83.8499984741211,98.0999984741211,63.63999938964844,129.80999755859375,1.1782727241516113,37.599998474121094,4879.60009765625,445.92999267578125,80.6500015258789,231.94000244140625,27.920000076293945,159.19500732421875,40.59000015258789,2.6740000247955322,4406.31982421875,87.06999969482422,116.04000091552734,55.02000045776367,10667.599609375,24702.240234375,7126.06005859375,58475.8984375,6057.7099609375
2026-04-18,,,,,,,,,,,,75726.2109375,,,,,,,,,,,,,,,,,,,,,,,,,
2026-04-19,,,,,,,,,,,,73856.3515625,,,,,,,,,,,,,,,,,,,,,,,,,
2026-04-20,3.72,4.26,2.35,1.91,1.01,2.87,118.2374,91.06,103.4,18.87,11.303999900817871,75872.5234375,95.4800033569336,0.7836599946022034,89.61000061035156,98.05000305175781,63.18000030517578,128.7100067138672,1.1741223335266113,37.65999984741211,4828.7998046875,442.0899963378906,80.58000183105469,231.85000610351562,27.549999237060547,159.16099548339844,39.83000183105469,2.688999891281128,4429.47021484375,87.05000305175781,121.31999969482422,55.06999969482422,10609.099609375,24417.80078125,7109.14013671875,58824.890625,5982.6298828125
2026-04-21,3.78,4.3,2.38,1.92,1.0,2.85,118.4331,93.64,106.14,19.5,11.350000381469727,76352.7734375,98.4800033569336,0.7785099744796753,92.12999725341797,98.41000366210938,62.25,126.37999725341797,1.1784392595291138,37.11000061035156,4719.60009765625,429.57000732421875,80.37000274658203,223.08999633789062,26.75,158.843994140625,39.68000030517578,2.697000026702881,,86.56999969482422,128.25,55.869998931884766,10498.099609375,24270.869140625,7064.009765625,59349.171875,5930.25
2026-04-22,3.79,4.3,2.38,1.92,0.99,2.84,118.6004,94.76,113.44,18.92,11.399999618530273,78203.1015625,101.91000366210938,0.7805500030517578,92.95999908447266,98.58999633789062,63.380001068115234,127.31999969482422,1.174425721168518,36.970001220703125,4753.0,435.260009765625,80.5,219.14999389648438,25.8799991607666,159.3730010986328,39.540000915527344,2.7219998836517334,,86.73999786376953,129.39999389648438,56.540000915527344,10476.5,24194.900390625,7137.89990234375,59585.859375,5906.22021484375
2026-04-23,3.83,4.34,2.42,1.92,1.0,2.86,118.7155,99.27,113.25,19.31,11.34000015258789,78268.953125,105.06999969482422,0.784820020198822,95.8499984741211,98.80000305175781,62.349998474121094,127.4800033569336,1.1706037521362305,36.4900016784668,4724.0,431.0400085449219,80.37000274658203,219.11000061035156,25.719999313354492,159.48800659179688,38.9900016784668,2.614000082015991,4419.64990234375,86.55000305175781,134.72000122070312,56.97999954223633,10457.0,24155.44921875,7108.39990234375,59140.23046875,5894.72998046875
2026-04-24,3.78,4.31,2.42,1.89,1.0,2.86,118.7294,98.42,111.86,18.71,10.899999618530273,77455.3125,105.33000183105469,0.7862399816513062,94.4000015258789,98.51000213623047,63.7400016784668,126.72000122070312,1.16838800907135,36.86000061035156,4740.89990234375,433.25,80.4800033569336,215.8000030517578,26.0,159.7469940185547,39.08000183105469,2.5230000019073486,4362.4501953125,86.70999908447266,132.39999389648438,56.869998931884766,10379.099609375,24128.98046875,7165.080078125,59716.1796875,5883.47998046875
2026-04-25,,,,,,,,,,,,77612.015625,,,,,,,,,,,,,,,,,,,,,,,,,
2026-04-26,,,,,,,,,,,,78657.5390625,,,,,,,,,,,,,,,,,,,,,,,,,
2026-04-27,3.78,4.35,2.44,1.91,1.01,2.84,118.5458,99.89,113.89,18.02,11.270000457763672,77366.625,108.2300033569336,0.786300003528595,96.37000274658203,98.4800033569336,63.63999938964844,127.01000213623047,1.1706448793411255,36.45000076293945,4693.7001953125,429.8900146484375,80.51000213623047,216.0399932861328,25.530000686645508,159.5760040283203,38.970001220703125,2.549999952316284,4348.169921875,86.27999877929688,134.72000122070312,56.77000045776367,10321.099609375,24083.529296875,7173.91015625,60537.359375,5860.31982421875
2026-04-28,3.84,4.36,2.44,1.92,1.02,2.85,118.7717,103.45,117.62,17.83,11.449999809265137,76350.671875,111.26000213623047,0.785290002822876,99.93000030517578,98.62000274658203,62.9900016784668,127.5999984741211,1.1723467111587524,36.25,4608.39990234375,421.9100036621094,80.4000015258789,216.2100067138672,25.280000686645508,159.35699462890625,39.18000030517578,2.559000015258789,4320.72998046875,86.37000274658203,139.60000610351562,57.709999084472656,10332.7998046875,24018.259765625,7138.7998046875,59917.4609375,5836.10009765625
2026-04-29,3.92,4.42,2.46,1.96,1.01,2.82,119.0975,110.47,124.16,18.81,11.850000381469727,75776.1328125,118.02999877929688,0.7889900207519531,106.87999725341797,98.91999816894531,62.689998626708984,128.94000244140625,1.171783447265625,36.34000015258789,4561.5,417.4100036621094,80.12999725341797,213.13999938964844,24.93000030517578,159.552001953125,39.189998626708984,2.6470000743865967,4372.31982421875,85.69999694824219,150.6300048828125,59.029998779296875,10213.099609375,23954.560546875,7135.9501953125,,5816.47998046875
2026-04-30,3.88,4.4,2.46,1.94,1.02,2.83,118.671,108.64,124.24,16.89,11.720000267028809,76304.3203125,114.01000213623047,0.7905600070953369,105.06999969482422,98.08000183105469,63.9900016784668,130.75999450683594,1.168470025062561,36.790000915527344,4629.60009765625,423.6600036621094,80.37999725341797,218.55999755859375,25.420000076293945,160.1840057373047,39.099998474121094,2.7669999599456787,4374.81005859375,85.62000274658203,147.08999633789062,59.650001525878906,10378.7998046875,24292.380859375,7209.009765625,59284.921875,5881.509765625
2026-05-01,3.88,4.39,2.48,1.91,1.01,2.77,118.3926,105.38,118.26,16.99,11.729999542236328,78179.0,108.16999816894531,0.7814000248908997,101.94000244140625,98.20999908447266,64.12999725341797,131.38999938964844,1.172910451889038,36.810001373291016,4644.5,423.17999267578125,80.05999755859375,216.27000427246094,25.760000228881836,156.97799682617188,39.310001373291016,2.7799999713897705,4425.02978515625,85.61000061035156,142.8000030517578,58.849998474121094,10363.900390625,,7230.1201171875,59513.12109375,
2026-05-02,,,,,,,,,,,,78657.25,,,,,,,,,,,,,,,,,,,,,,,,,
2026-05-03,,,,,,,,,,,,78538.2265625,,,,,,,,,,,,,,,,,,,,,,,,,
2026-05-04,3.95,4.45,2.5,1.95,1.01,2.78,118.8264,109.76,,18.29,11.789999961853027,79827.90625,114.44000244140625,0.7811300158500671,106.41999816894531,98.47000122070312,64.0999984741211,132.85000610351562,1.1726628541946411,36.54999923706055,4533.2998046875,414.7099914550781,79.80000305175781,214.3300018310547,25.420000076293945,156.8459930419922,38.72999954223633,2.867000102996826,4504.14013671875,84.95999908447266,147.61000061035156,59.38999938964844,,23991.26953125,7200.75,,5763.60986328125
2026-05-05,3.93,4.43,2.47,1.96,0.99,2.77,118.6207,105.66,114.51,17.38,12.180000305175781,80927.0546875,109.87000274658203,0.7839699983596802,102.2699966430664,98.4800033569336,65.4000015258789,135.1300048828125,1.1691941022872925,36.4900016784668,4568.5,418.2699890136719,79.91999816894531,215.3699951171875,26.059999465942383,157.19400024414062,38.459999084472656,2.7880001068115234,4525.68994140625,85.43000030517578,144.1699981689453,59.45000076293945,10219.099609375,24401.69921875,7259.22021484375,,5869.6298828125
2026-05-06,3.87,4.36,2.42,1.94,0.99,2.75,118.0982,98.75,103.7,17.39,12.109999656677246,81427.53125,101.2699966430664,0.7813799977302551,95.08000183105469,98.0199966430664,67.48999786376953,136.5500030517578,1.1715774536132812,37.4900016784668,4694.2998046875,430.9599914550781,80.16000366210938,223.4199981689453,27.239999771118164,157.677001953125,38.439998626708984,2.7300000190734863,4505.60986328125,86.08000183105469,133.9499969482422,57.0,10438.7001953125,24918.689453125,7365.1201171875,,6027.1298828125
2026-05-07,3.92,4.41,2.45,1.96,0.99,2.79,118.0116,98.38,101.82,17.08,12.100000381469727,80009.9921875,100.05999755859375,0.7788599729537964,94.80999755859375,98.25,66.58999633789062,134.94000244140625,1.1747430562973022,37.189998626708984,4710.89990234375,431.67999267578125,79.86000061035156,222.50999450683594,27.59000015258789,156.50799560546875,38.36000061035156,2.7690000534057617,4469.68994140625,85.6500015258789,134.97000122070312,55.95000076293945,10277.0,24663.609375,7337.10986328125,62833.83984375,5972.64990234375
2026-05-08,3.9,4.38,2.45,1.93,0.99,2.81,118.0392,98.87,103.48,17.19,12.105999946594238,80186.765625,101.29000091552734,0.7802000045776367,95.41999816894531,97.83999633789062,67.94000244140625,136.8800048828125,1.1731581687927246,37.2400016784668,4730.7001953125,433.7699890136719,80.13999938964844,223.49000549316406,27.479999542236328,156.82899475097656,38.72999954223633,2.756999969482422,4514.419921875,86.08000183105469,133.58999633789062,55.70000076293945,10233.099609375,24338.630859375,7398.93017578125,62713.6484375,5911.52978515625
2026-05-09,,,,,,,,,,,,80664.3671875,,,,,,,,,,,,,,,,,,,,,,,,,
2026-05-10,,,,,,,,,,,,82138.9296875,,,,,,,,,,,,,,,,,,,,,,,,,
2026-05-11,3.95,4.42,2.47,1.95,0.98,2.79,118.0562,101.56,106.11,18.38,12.649999618530273,81728.296875,104.20999908447266,0.7777699828147888,98.06999969482422,97.94000244140625,67.88999938964844,136.13999938964844,1.176885962486267,37.470001220703125,4728.7001953125,434.6499938964844,79.9800033569336,225.99000549316406,26.610000610351562,156.85800170898438,39.150001525878906,2.9100000858306885,4510.3798828125,85.55999755859375,138.66000366210938,57.16999816894531,10269.400390625,24350.279296875,7412.83984375,62417.87890625,5895.4501953125
2026-05-12,4.0,4.46,2.47,1.99,0.97,2.82,118.5238,105.78,111.37,17.99,13.289999961853027,80477.4921875,107.7699966430664,0.7781599760055542,102.18000030517578,98.29000091552734,65.81999969482422,134.82000732421875,1.177994966506958,37.33000183105469,4686.7001953125,432.92999267578125,79.87000274658203,225.38999938964844,26.270000457763672,157.2310028076172,38.75,2.8429999351501465,4494.43994140625,84.98999786376953,144.3000030517578,57.56999969482422,10265.2998046875,23954.9296875,7400.9599609375,62742.5703125,5808.4501953125
2026-05-13,3.98,4.46,2.47,1.99,0.96,2.82,118.4737,104.52,110.28,17.87,13.329999923706055,79277.1171875,105.62999725341797,0.7804099917411804,101.0199966430664,98.4800033569336,67.20999908447266,134.0399932861328,1.1735436916351318,38.2599983215332,4706.7001953125,430.5,79.91000366210938,225.7100067138672,26.1299991607666,157.67100524902344,38.59000015258789,2.864000082015991,4456.68994140625,84.80000305175781,142.0399932861328,57.630001068115234,10325.400390625,24136.810546875,7444.25,63272.109375,5861.06982421875
2026-05-14,4.0,4.47,2.47,2.0,0.95,2.76,118.6696,104.66,110.91,17.26,12.949999809265137,81051.25,105.72000122070312,0.781499981880188,101.16999816894531,98.87999725341797,67.37999725341797,133.8699951171875,1.1716049909591675,37.2400016784668,4685.2998046875,427.2099914550781,79.8499984741211,224.4600067138672,26.219999313354492,157.8509979248047,38.529998779296875,2.8940000534057617,4476.919921875,84.91999816894531,143.0,58.06999969482422,10372.900390625,24456.259765625,7501.240234375,62654.05078125,
2026-05-15,4.09,4.59,2.49,2.1,0.94,2.8,119.2825,108.99,113.96,18.43,13.180000305175781,79065.6796875,109.26000213623047,0.7841799855232239,105.41999816894531,99.2699966430664,65.06999969482422,130.0,1.166208028793335,36.20000076293945,4561.89990234375,417.2900085449219,79.45999908447266,217.27000427246094,25.559999465942383,158.3820037841797,38.290000915527344,2.9600000381469727,4384.0,83.66000366210938,148.22999572753906,59.439998626708984,10195.400390625,23950.5703125,7408.5,61409.2890625,5827.759765625
2026-05-16,,,,,,,,,,,,78131.4375,,,,,,,,,,,,,,,,,,,,,,,,,
2026-05-17,,,,,,,,,,,,77429.3515625,,,,,,,,,,,,,,,,,,,,,,,,,
2026-05-18,4.07,4.61,2.48,2.13,0.94,2.83,119.0574,112.25,116.73,17.82,12.850000381469727,76954.171875,112.0999984741211,0.7872899770736694,108.66000366210938,98.97000122070312,64.97000122070312,129.25999450683594,1.161440134048462,36.15999984741211,4558.0,418.42999267578125,79.54000091552734,220.22999572753906,25.549999237060547,158.843994140625,38.36000061035156,3.0239999294281006,4313.169921875,83.55999755859375,149.2899932861328,60.58000183105469,10323.7998046875,24307.919921875,7403.0498046875,60815.94921875,5849.0
2026-05-19,4.13,4.67,2.49,2.18,0.95,2.86,119.451,112.09,114.64,18.06,12.649999618530273,76750.90625,111.27999877929688,0.7844700217247009,107.7699966430664,99.30000305175781,64.26000213623047,129.35000610351562,1.1655147075653076,36.279998779296875,4511.2001953125,411.5,79.3499984741211,218.32000732421875,24.809999465942383,158.86099243164062,38.4900016784668,3.114000082015991,4309.56982421875,83.0199966430664,152.9600067138672,61.290000915527344,10330.599609375,24400.650390625,7353.60986328125,60550.58984375,5851.16015625
2026-05-20,4.04,4.57,2.44,2.13,0.95,2.8,119.1624,101.69,108.93,17.44,12.109999656677246,77457.7734375,105.0199966430664,0.7888000011444092,98.26000213623047,99.11000061035156,65.45999908447266,132.1999969482422,1.1607122421264648,36.2400016784668,4535.2998046875,417.3999938964844,79.86000061035156,223.27999877929688,26.440000534057617,159.03500366210938,38.33000183105469,3.003999948501587,4393.14990234375,83.91000366210938,144.27000427246094,59.79999923706055,10432.2998046875,24737.240234375,7432.97021484375,59804.41015625,5976.06982421875
2026-05-21,4.08,4.57,2.39,2.18,0.94,2.78,119.369,100.2,105.84,16.76,12.5,77539.171875,102.58000183105469,0.7869200110435486,96.3499984741211,99.19000244140625,66.02999877929688,132.7100067138672,1.1625338792800903,35.88999938964844,4542.5,416.989990234375,79.9000015258789,223.14999389648438,27.0,158.88800048828125,38.66999816894531,3.0179998874664307,,84.22000122070312,142.5399932861328,59.130001068115234,10443.5,24606.76953125,7445.72021484375,61684.140625,5960.31982421875
2026-05-22,4.13,4.56,2.4,2.16,0.93,2.74,119.2868,100.35,106.9,16.7,12.675000190734863,75488.2421875,103.54000091552734,0.7864999771118164,96.5999984741211,99.31999969482422,65.87999725341797,133.8300018310547,1.1621150970458984,35.52000045776367,4523.2001953125,413.82000732421875,79.91000366210938,225.3699951171875,27.1299991607666,159.01800537109375,38.63999938964844,2.9070000648498535,,84.68000030517578,140.9199981689453,59.4900016784668,10466.2998046875,24888.560546875,7473.47021484375,63339.0703125,6019.4501953125
2026-05-23,,,,,,,,,,,,76673.3671875,,,,,,,,,,,,,,,,,,,,,,,,,
2026-05-24,,,,,,,,,,,,76981.125,,,,,,,,,,,,,,,,,,,,,,,,,
2026-05-25,,,,,0.93,2.74,,,,16.59,,77279.9296875,,0.782289981842041,,,,,1.164225697517395,,,,,,,158.9459991455078,,,4526.4501953125,,,,,25389.099609375,,65158.19140625,
2026-05-26,4.01,4.5,2.4,2.1,0.93,2.72,119.1696,97.63,102.75,17.01,12.880000114440918,75825.734375,99.58000183105469,0.78302001953125,93.88999938964844,99.16999816894531,68.4000015258789,137.1999969482422,1.1637378931045532,35.75,4502.2998046875,414.0,80.18000030517578,229.49000549316406,28.260000228881836,158.95399475097656,38.68000030517578,2.8940000534057617,4483.9599609375,85.0999984741211,137.0,57.849998474121094,10491.400390625,25184.890625,7519.1201171875,64996.08984375,6064.14990234375
2026-05-27,4.0,4.48,2.39,2.09,0.93,2.71,119.1829,92.35,97.11,16.29,12.875,74344.703125,94.29000091552734,0.7851099967956543,88.68000030517578,99.20999908447266,68.38999938964844,137.60000610351562,1.1636837720870972,35.31999969482422,4448.39990234375,408.489990234375,80.12999725341797,230.47999572753906,29.079999923706055,159.2429962158203,38.7400016784668,3.0399999618530273,4476.7099609375,85.30000305175781,131.02999877929688,56.9900016784668,10505.0,25177.80078125,7520.35986328125,64999.41015625,6070.5400390625
2026-05-28,3.99,4.45,2.39,2.06,0.93,2.72,119.0318,92.65,95.47,15.74,13.149999618530273,73536.5546875,93.70999908447266,0.7878599762916565,88.9000015258789,99.0199966430664,68.61000061035156,137.55999755859375,1.1617909669876099,34.9900016784668,4499.2998046875,412.7699890136719,80.2300033569336,235.57000732421875,29.139999389648438,159.5679931640625,38.709999084472656,3.2850000858306885,4431.080078125,85.73999786376953,130.77999877929688,56.95000076293945,10426.0,25092.25,7563.6298828125,64693.12109375,6055.10986328125
2026-05-29,3.98,4.45,2.38,2.07,0.92,2.72,118.8783,91.16,92.88,15.32,12.9399995803833,73372.5234375,92.05000305175781,0.7836599946022034,87.36000061035156,98.91000366210938,68.5999984741211,137.69000244140625,1.1652837991714478,35.04999923706055,4593.0,417.1199951171875,80.30999755859375,235.44000244140625,29.31999969482422,159.27000427246094,38.75,3.2899999618530273,4455.669921875,85.76000213623047,129.08999633789062,56.290000915527344,10409.2998046875,25104.69921875,7580.06005859375,66329.5,6050.5400390625
2026-05-30,,,,,,,,,,,,73754.8359375,,,,,,,,,,,,,,,,,,,,,,,,,
2026-05-31,,,,,0.93,2.74,,,,,,73579.6875,,,,,,,,,,,,,,,,,,,,,,,,,
2026-06-01,4.05,4.47,2.4,2.07,0.92,2.72,119.1653,95.96,98.29,16.05,13.03499984741211,71319.7734375,94.9800033569336,0.7818599939346313,92.16000366210938,99.19999694824219,70.08000183105469,133.94000244140625,1.164890170097351,35.34000015258789,4506.2998046875,411.260009765625,79.83999633789062,229.91000366210938,28.93000030517578,159.35299682617188,38.060001373291016,3.178999900817871,4268.02001953125,85.47000122070312,135.5,57.29999923706055,10339.0,25003.0390625,7599.9599609375,66934.328125,6034.9501953125
2026-06-02,4.05,4.46,2.39,2.07,0.92,2.71,119.0359,97.47,98.49,15.77,12.9399995803833,66703.65625,96.0,0.7861400246620178,93.76000213623047,99.22000122070312,70.80000305175781,132.5800018310547,1.1635483503341675,36.36000061035156,4519.89990234375,411.95001220703125,79.9000015258789,228.3300018310547,28.5,159.63600158691406,38.709999084472656,3.1670000553131104,4308.9599609375,85.6500015258789,137.27000427246094,57.959999084472656,10373.5,25124.169921875,7609.77978515625,66734.2421875,6107.85009765625
2026-06-03,4.08,4.49,2.38,2.11,0.93,2.75,119.3848,99.76,101.69,16.06,12.619999885559082,64014.3671875,97.80999755859375,0.7882500290870667,96.0199966430664,99.52999877929688,69.91999816894531,130.0399932861328,1.1622096300125122,35.540000915527344,4466.89990234375,407.8699951171875,79.68000030517578,224.88999938964844,27.829999923706055,159.96800231933594,38.220001220703125,3.2139999866485596,4262.85009765625,85.30999755859375,140.86000061035156,58.709999084472656,10332.2998046875,24795.939453125,7553.68017578125,68402.1328125,6053.56982421875
2026-06-04,4.05,4.47,2.36,2.11,0.93,2.74,119.3615,96.83,98.98,15.4,12.65999984741211,63801.57421875,95.02999877929688,0.7910299897193909,93.04000091552734,99.41000366210938,69.0999984741211,129.42999267578125,1.160941243171692,35.470001220703125,4505.0,411.2699890136719,79.83000183105469,231.57000732421875,28.0,159.94000244140625,38.34000015258789,3.3359999656677246,4250.7998046875,85.5,136.74000549316406,58.75,10360.2998046875,24944.94921875,7584.31005859375,67470.6875,6103.330078125
2026-06-05,4.17,4.55,2.36,2.19,0.93,2.76,120.0831,94.32,97.29,21.51,12.699999809265137,60922.66796875,93.08999633789062,0.7889000177383423,90.54000091552734,100.06999969482422,64.58999633789062,124.08999633789062,1.1612648963928223,34.75,4365.2998046875,396.239990234375,79.43000030517578,229.4499969482422,27.940000534057617,159.99000549316406,37.439998626708984,3.2290000915527344,4267.64013671875,85.05999755859375,133.02000427246094,57.66999816894531,10368.099609375,24759.05078125,7383.740234375,66588.1171875,6062.06982421875
2026-06-06,,,,,,,,,,,,60867.4140625,,,,,,,,,,,,,,,,,,,,,,,,,
2026-06-07,,,,,,,,,,,,63239.51953125,,,,,,,,,,,,,,,,,,,,,,,,,
2026-06-08,4.15,4.56,2.35,2.21,0.93,2.75,120.034,95.0,97.46,18.92,12.369999885559082,63090.58984375,94.25,0.7964199781417847,91.30000305175781,100.05000305175781,65.75,125.98999786376953,1.1522595882415771,34.68000030517578,4363.39990234375,397.2699890136719,79.54000091552734,227.25999450683594,27.700000762939453,160.32699584960938,38.290000915527344,3.1470000743865967,4281.85009765625,84.62000274658203,135.14999389648438,58.33000183105469,10373.2001953125,24616.220703125,7405.72998046875,64024.6015625,6062.2900390625
2026-06-09,4.13,4.53,2.33,2.2,0.93,2.78,119.9617,91.9,94.15,19.87,12.369999885559082,61643.78125,91.44999694824219,0.7981699705123901,88.19999694824219,99.91000366210938,65.81999969482422,124.52999877929688,1.1528440713882446,34.689998626708984,4286.39990234375,390.7799987792969,79.62000274658203,230.4499969482422,28.559999465942383,160.1739959716797,38.540000915527344,3.140000104904175,4232.419921875,85.12000274658203,131.3000030517578,57.38999938964844,10227.2998046875,24433.060546875,7386.64990234375,65416.62890625,6049.740234375
2026-06-10,4.13,4.55,2.34,2.21,0.94,2.8,119.9134,93.68,95.73,22.22,12.5,61449.2890625,93.0999984741211,0.7992600202560425,90.02999877929688,99.94999694824219,64.66000366210938,121.51000213623047,1.1535356044769287,34.75,4133.2998046875,374.5799865722656,79.47000122070312,224.8699951171875,27.25,160.38400268554688,38.5099983215332,3.184999942779541,4196.02978515625,84.87999725341797,134.3000030517578,58.25,10254.7998046875,24195.310546875,7266.990234375,64179.26953125,6009.9501953125
2026-06-11,4.05,4.45,2.29,2.16,0.94,2.78,120.1174,91.58,92.84,19.44,12.520000457763672,63561.0546875,90.37999725341797,0.7999500036239624,87.70999908447266,99.86000061035156,67.5,128.27000427246094,1.1535621881484985,34.90999984741211,4114.0,386.32000732421875,79.94000244140625,236.0399932861328,28.969999313354492,160.52699279785156,39.290000915527344,3.0869998931884766,4266.9599609375,85.9800033569336,128.8300018310547,57.119998931884766,10303.900390625,24209.7109375,7394.2998046875,64217.26953125,6056.9599609375
2026-06-12,4.09,4.48,2.31,2.17,0.93,2.71,119.5073,88.62,88.64,17.68,12.319999694824219,63543.19921875,87.33000183105469,0.7950500249862671,84.87999725341797,99.75,67.87999725341797,129.9600067138672,1.157594919204712,35.290000915527344,4238.7998046875,386.5400085449219,79.94000244140625,233.7899932861328,29.530000686645508,160.1300048828125,39.380001068115234,3.119999885559082,4343.35009765625,85.7699966430664,125.43000030517578,57.54999923706055,10471.7001953125,24635.30078125,7431.4599609375,66020.0390625,6187.6298828125
2026-06-13,,,,,,,,,,,,64421.32421875,,,,,,,,,,,,,,,,,,,,,,,,,
2026-06-14,,,,,,,,,,,,65710.3984375,,,,,,,,,,,,,,,,,,,,,,,,,
2026-06-15,4.07,4.47,2.32,2.15,0.92,2.66,119.3158,84.65,84.36,16.2,11.989999771118164,66289.5,83.16999816894531,0.7939000129699707,80.75,99.62999725341797,69.75,126.70999908447266,1.1603081226348877,35.11000061035156,4351.60009765625,396.54998779296875,80.04000091552734,237.39999389648438,30.459999084472656,159.9550018310547,38.5099983215332,3.1470000743865967,4255.89013671875,85.72000122070312,121.20999908447266,55.54999923706055,10430.599609375,24894.009765625,7554.2900390625,69317.5,6229.43017578125
2026-06-16,4.05,4.43,2.29,2.14,0.93,2.71,119.256,79.8,80.5,16.41,12.130000114440918,65600.640625,78.95999908447266,0.7944300174713135,76.05000305175781,99.54000091552734,68.63999938964844,123.47000122070312,1.1594202518463135,34.560001373291016,4354.39990234375,397.6300048828125,80.02999877929688,239.52000427246094,30.6299991607666,160.22900390625,38.54999923706055,3.239000082015991,4210.43017578125,86.19000244140625,115.47000122070312,55.36000061035156,10494.2001953125,24910.41015625,7511.35009765625,69404.5,6257.419921875
2026-06-17,4.2,4.49,2.26,2.23,0.92,2.63,119.3871,80.65,80.33,18.44,11.880000114440918,64418.4453125,79.55000305175781,0.7931100130081177,76.79000091552734,100.08999633789062,68.55999755859375,120.4800033569336,1.1609952449798584,33.650001525878906,4381.39990234375,388.6000061035156,79.7300033569336,242.7899932861328,30.25,160.41900634765625,38.41999816894531,3.1449999809265137,4145.60009765625,86.33000183105469,114.2300033569336,54.66999816894531,10508.599609375,24934.669921875,7420.10009765625,69902.25,6300.06982421875
2026-06-18,4.19,4.46,2.25,2.21,0.93,2.66,120.3958,80.35,79.35,16.4,11.569999694824219,62896.47265625,79.8499984741211,0.7994099855422974,76.5999984741211,100.8499984741211,70.79000091552734,122.97000122070312,1.150734782218933,33.29999923706055,4245.89990234375,387.1199951171875,80.01000213623047,238.99000549316406,31.0,160.60000610351562,38.599998474121094,3.2330000400543213,4182.02001953125,86.75,114.87000274658203,53.77000045776367,10399.7001953125,25026.80078125,7500.580078125,71053.4921875,6323.27001953125
2026-06-19,,,,,0.93,2.66,,,80.46,16.78,,63540.8359375,,0.8048999905586243,,,,,1.1458560228347778,,,,,,,161.28900146484375,,,4144.009765625,,,,10363.2998046875,24985.8203125,,71250.0625,6293.1298828125
2026-06-20,,,,,,,,,,,,64239.67578125,,,,,,,,,,,,,,,,,,,,,,,,,
2026-06-21,,,,,,,,,,,,63237.5390625,,,,,,,,,,,,,,,,,,,,,,,,,
2026-06-22,4.24,4.51,2.23,2.28,0.93,2.65,120.5463,78.94,76.49,17.28,11.579999923706055,63952.10546875,77.9000015258789,0.8079699873924255,74.81999969482422,101.0199966430664,71.20999908447266,121.08999633789062,1.1462763547897339,33.43000030517578,4202.7001953125,384.5899963378906,79.94000244140625,235.50999450683594,30.979999542236328,161.43299865722656,38.29999923706055,3.253000020980835,4147.91015625,86.08999633789062,112.69000244140625,54.060001373291016,10437.900390625,25139.689453125,7472.7900390625,72353.9609375,6311.31982421875
2026-06-23,4.16,4.5,2.21,2.29,0.93,2.71,121.0552,74.62,75.69,19.49,11.770000457763672,62668.01953125,77.08000183105469,0.8087999820709229,73.20999908447266,101.41000366210938,67.16999816894531,119.5,1.1427135467529297,32.83000183105469,4149.39990234375,377.32000732421875,79.87000274658203,235.92999267578125,31.18000030517578,161.57000732421875,38.20000076293945,3.1470000743865967,4143.60986328125,86.19999694824219,111.26000213623047,54.459999084472656,10428.900390625,24893.580078125,7365.4599609375,69788.3828125,6230.5498046875
2026-06-24,4.11,4.41,2.18,2.23,0.94,2.76,121.412,71.42,72.09,18.63,11.699999809265137,60995.1328125,73.73999786376953,0.8097100257873535,70.33999633789062,101.61000061035156,67.25,120.4000015258789,1.1379542350769043,32.36000061035156,4008.800048828125,365.9200134277344,79.8499984741211,236.19000244140625,32.47999954223633,161.5989990234375,38.08000183105469,3.2209999561309814,4150.3798828125,87.37999725341797,106.29000091552734,53.56999969482422,10461.599609375,24740.359375,7358.22021484375,69174.96875,6214.7001953125
2026-06-25,4.09,4.4,2.21,2.19,0.95,2.78,121.0559,72.67,73.74,18.89,11.399999618530273,59721.67578125,75.26000213623047,0.8125799894332886,71.91999816894531,101.43000030517578,67.95999908447266,119.81999969482422,1.1354217529296875,31.68000030517578,4047.60009765625,369.4599914550781,79.87999725341797,237.3800048828125,32.97999954223633,161.76300048828125,37.81999969482422,3.3429999351501465,4099.39990234375,87.3499984741211,109.30999755859375,54.09000015258789,10529.900390625,24994.830078125,7357.490234375,72366.34375,6267.52978515625
2026-06-26,4.07,4.38,2.2,2.18,0.96,2.83,120.8866,70.3,70.16,18.41,11.270000457763672,60016.4296875,71.98999786376953,0.8105199933052063,69.2300033569336,101.36000061035156,67.19000244140625,117.8499984741211,1.1361699104309082,31.59000015258789,4096.2998046875,373.6300048828125,79.83000183105469,236.77999877929688,33.279998779296875,161.80499267578125,37.79999923706055,3.2309999465942383,4028.219970703125,87.36000061035156,105.4800033569336,53.84000015258789,10508.0,24671.220703125,7354.02001953125,69360.8828125,6221.5498046875
2026-06-27,,,,,,,,,,,,59940.09765625,,,,,,,,,,,,,,,,,,,,,,,,,
2026-06-28,,,,,,,,,,,,59532.33984375,,,,,,,,,,,,,,,,,,,,,,,,,
2026-06-29,4.1,4.38,2.22,2.16,0.95,2.8,120.9525,71.87,71.59,17.65,11.630000114440918,60138.37890625,73.1500015258789,0.8100699782371521,70.75,101.11000061035156,67.43000030517578,119.61000061035156,1.1385631561279297,31.709999084472656,4038.89990234375,368.5799865722656,80.01000213623047,239.1300048828125,33.08000183105469,161.78700256347656,37.400001525878906,3.180999994277954,4014.510009765625,87.44999694824219,107.08000183105469,53.58000183105469,10484.2001953125,24626.890625,7440.43017578125,69468.109375,6231.6298828125
2026-06-30,4.14,4.44,2.24,2.2,0.95,2.75,120.9248,70.56,70.46,16.45,11.869999885559082,58558.859375,72.91999816894531,0.8076000213623047,69.5,101.19000244140625,68.41000366210938,120.70999908447266,1.1422044038772583,31.59000015258789,4038.5,368.3800048828125,79.97000122070312,242.4199981689453,33.220001220703125,161.92300415039062,37.310001373291016,3.2750000953674316,4066.8701171875,86.41999816894531,106.44000244140625,53.11000061035156,10497.099609375,24995.810546875,7499.35986328125,70062.3203125,6328.08984375
2026-07-01,4.17,4.48,2.23,2.25,0.94,2.74,121.1455,69.74,69.24,16.59,12.052000045776367,60003.7578125,71.56999969482422,0.8087000250816345,68.58000183105469,101.38999938964844,66.4800033569336,120.5999984741211,1.1413310766220093,31.969999313354492,4082.39990234375,370.6000061035156,79.58999633789062,243.86000061035156,33.22999954223633,162.6280059814453,37.650001525878906,3.2200000286102295,4121.72998046875,85.5199966430664,103.2699966430664,52.810001373291016,10478.2998046875,25040.279296875,7483.22998046875,70474.9609375,6282.5
2026-07-02,4.14,4.49,2.23,2.26,0.94,2.75,120.6902,69.73,68.53,16.15,12.270000457763672,61485.30078125,71.80000305175781,0.809149980545044,68.69000244140625,100.86000061035156,65.69999694824219,120.4800033569336,1.13779878616333,31.90999984741211,4125.7001953125,378.1300048828125,79.70999908447266,248.19000244140625,33.20000076293945,162.53900146484375,37.380001068115234,3.196000099182129,4142.1201171875,85.51000213623047,103.9800033569336,53.220001220703125,10652.900390625,25580.880859375,7483.240234375,68733.1484375,6360.47021484375
2026-07-03,,,,,0.94,2.74,,,68.68,15.81,,62544.19921875,,0.8044099807739258,,,,,1.1422696113586426,,,,,,,161.44900512695312,,,4123.8798828125,,,,10679.0,25779.310546875,,69744.0703125,6412.68017578125
2026-07-04,,,,,,,,,,,,63088.3046875,,,,,,,,,,,,,,,,,,,,,,,,,
2026-07-05,,,,,,,,,,,,63547.8828125,,,,,,,,,,,,,,,,,,,,,,,,,
2026-07-06,4.13,4.48,2.24,2.24,0.94,2.72,120.835,69.6,69.56,15.57,12.960000038146973,63995.015625,71.98999786376953,0.8037999868392944,68.55000305175781,100.8499984741211,67.56999969482422,122.95999908447266,1.1437721252441406,32.4900016784668,4167.5,382.1300048828125,79.87000274658203,250.77999877929688,33.34000015258789,161.45199584960938,37.29999923706055,3.244999885559082,4167.08984375,85.44999694824219,104.3499984741211,53.130001068115234,10651.7998046875,25817.890625,7537.43017578125,69737.6875,6398.009765625
2026-07-07,4.19,4.55,2.25,2.3,0.94,2.67,120.8145,71.53,71.78,16.13,12.760000228881836,63297.39453125,74.16000366210938,0.805079996585846,70.44000244140625,101.13999938964844,65.72000122070312,119.55999755859375,1.144177794456482,32.4900016784668,4157.39990234375,377.489990234375,79.76000213623047,245.11000061035156,32.5099983215332,162.08799743652344,37.43000030517578,3.265000104904175,4085.969970703125,84.55000305175781,108.91999816894531,54.63999938964844,10665.900390625,25465.25,7503.85009765625,68256.9609375,6319.85986328125
2026-07-08,4.21,4.56,2.25,2.31,0.94,2.7,121.1307,74.56,76.5,16.9,12.835000038146973,62257.57421875,78.0199966430664,0.8088200092315674,73.5199966430664,101.05000305175781,66.2300033569336,119.51000213623047,1.140380859375,33.439998626708984,4082.39990234375,374.45001220703125,79.66000366210938,239.6300048828125,31.790000915527344,162.36300659179688,37.529998779296875,3.2119998931884766,4087.169921875,84.36000061035156,112.20999908447266,55.599998474121094,10489.0,24897.44921875,7482.7099609375,66819.046875,6204.91015625
2026-07-09,4.16,4.54,2.23,2.31,0.94,2.7,120.753,73.15,74.46,15.84,12.949999809265137,63193.1484375,76.30000305175781,0.8080599904060364,72.08000183105469,100.94000244140625,66.77999877929688,119.56999969482422,1.1422044038772583,33.40999984741211,4140.7998046875,378.17999267578125,79.75,239.6199951171875,32.40999984741211,162.53900146484375,37.18000030517578,3.01200008392334,4053.639892578125,84.48999786376953,109.01000213623047,54.81999969482422,10472.5,25118.26953125,7543.64013671875,67743.8515625,6284.27001953125
2026-07-10,4.21,4.56,2.24,2.32,0.96,2.69,120.5046,72.45,74.34,15.03,12.890000343322754,64127.140625,76.01000213623047,0.8065400123596191,71.41000366210938,100.97000122070312,66.9000015258789,119.37000274658203,1.1433405876159668,33.47999954223633,4113.7001953125,377.010009765625,79.70999908447266,239.05999755859375,32.09000015258789,162.36300659179688,37.25,2.940000057220459,4055.409912109375,84.47000122070312,108.69999694824219,55.08000183105469,10497.2998046875,25067.08984375,7575.39013671875,68557.7265625,6269.97021484375
2026-07-11,,,,,,,,,,,,63802.02734375,,,,,,,,,,,,,,,,,,,,,,,,,
2026-07-12,,,,,,,,,,,,63758.21875,,,,,,,,,,,,,,,,,,,,,,,,,
2026-07-13,4.26,4.62,2.26,2.36,0.96,2.69,120.7413,79.2,81.62,17.16,13.329999923706055,62239.12109375,83.30000305175781,0.8093600273132324,78.13999938964844,101.27999877929688,64.5,118.0,1.1404459476470947,33.439998626708984,4005.699951171875,367.1300048828125,79.5199966430664,235.0500030517578,31.219999313354492,161.8780059814453,37.11000061035156,2.8970000743865967,4058.080078125,83.97000122070312,117.79000091552734,56.7400016784668,10498.2998046875,25114.25,7515.33984375,67242.7265625,6271.02001953125
2026-07-14,4.18,4.58,2.25,2.33,0.97,2.72,120.4728,80.44,83.69,16.5,13.100000381469727,64956.11328125,84.7300033569336,0.8147299885749817,79.33999633789062,100.94000244140625,65.66999816894531,120.16999816894531,1.1384334564208984,33.77000045776367,4069.699951171875,372.1499938964844,79.68000030517578,235.27000427246094,30.850000381469727,162.4290008544922,36.900001525878906,2.9040000438690186,4086.02001953125,84.08000183105469,120.16999816894531,56.95000076293945,10529.400390625,25147.029296875,7543.58984375,67743.5,6280.18994140625
2026-07-15,4.13,4.55,2.23,2.32,0.97,2.71,120.3088,80.73,83.08,15.67,12.84000015258789,64712.375,84.94999694824219,0.8090599775314331,79.5999984741211,100.5,65.56999969482422,122.9000015258789,1.1424654722213745,34.279998779296875,4051.800048828125,372.3500061035156,79.80999755859375,236.4199981689453,31.25,162.18699645996094,36.970001220703125,2.9240000247955322,4196.08984375,84.23999786376953,121.37999725341797,56.5,10515.900390625,24999.529296875,7572.39990234375,68751.5078125,6265.580078125
2026-07-16,4.16,4.57,2.22,2.35,0.96,2.71,120.331,80.03,81.23,16.73,12.649999618530273,63789.28125,84.2300033569336,0.8046600222587585,78.94999694824219,100.7300033569336,64.19000244140625,120.48999786376953,1.1470258235931396,34.529998779296875,3992.10009765625,364.9599914550781,79.80000305175781,230.88999938964844,31.25,162.07200622558594,36.91999816894531,2.8580000400543213,4156.43017578125,84.20999908447266,119.30000305175781,57.02000045776367,10572.2001953125,24915.490234375,7533.77001953125,66835.5390625,6283.60986328125
2026-07-17,4.18,4.55,2.24,2.31,0.97,2.73,120.5315,83.43,85.01,18.77,12.65999984741211,63899.4609375,88.0999984741211,0.8083099722862244,82.48999786376953,100.75,63.290000915527344,119.94000244140625,1.1444659233093262,34.130001068115234,4018.800048828125,368.4100036621094,79.6500015258789,230.72999572753906,30.459999084472656,162.37600708007812,36.790000915527344,2.9110000133514404,4140.43017578125,84.5199966430664,123.95999908447266,57.68000030517578,10600.400390625,24830.98046875,7457.68994140625,64141.12109375,6230.8701171875
2026-07-18,,,,,,,,,,,,64796.6015625,,,,,,,,,,,,,,,,,,,,,,,,,
2026-07-19,,,,,,,,,,,,64690.8046875,,,,,,,,,,,,,,,,,,,,,,,,,
2026-07-20,4.21,4.6,2.25,2.35,0.97,2.69,120.5401,84.38,86.99,18.65,12.1899995803833,65230.02734375,89.22000122070312,0.8084200024604797,83.2300033569336,100.98999786376953,63.560001373291016,118.61000061035156,1.142765760421753,35.040000915527344,4015.89990234375,367.6000061035156,79.68000030517578,229.27000427246094,30.579999923706055,162.51199340820312,36.849998474121094,2.859999895095825,4135.7998046875,83.88999938964844,125.51000213623047,57.939998626708984,10524.7998046875,24846.689453125,7443.27978515625,,6227.39990234375
2026-07-21,4.26,4.63,2.26,2.37,0.97,2.69,120.5779,86.04,93.85,17.05,12.619999885559082,66505.125,91.01000213623047,0.8100299835205078,84.91000366210938,101.18000030517578,65.33999633789062,120.69000244140625,1.1418131589889526,34.630001068115234,4076.39990234375,374.80999755859375,79.6500015258789,229.74000549316406,30.510000228881836,162.48699951171875,36.86000061035156,2.865000009536743,4193.35986328125,83.66000366210938,128.85000610351562,58.5,10585.900390625,25011.349609375,7509.2001953125,66232.1875,6285.6298828125
2026-07-22,4.31,4.67,2.28,2.39,0.96,2.68,120.5736,87.66,94.12,16.64,12.510000228881836,66100.796875,94.06999969482422,0.8123999834060669,86.83000183105469,101.13999938964844,64.98999786376953,119.68000030517578,1.140380859375,34.43000030517578,4151.89990234375,379.1199951171875,79.5199966430664,231.11000061035156,30.100000381469727,163.18600463867188,37.1150016784668,2.924999952316284,4227.0,83.44000244140625,131.67999267578125,59.20000076293945,10717.0,25155.41015625,7498.9599609375,66115.6015625,6316.990234375
2026-07-23,4.37,4.71,2.28,2.43,0.98,2.77,120.9075,93.08,105.32,18.7,12.680000305175781,65044.8125,100.69000244140625,0.8141999840736389,92.19000244140625,101.43000030517578,64.5999984741211,119.29000091552734,1.1411746740341187,34.459999084472656,4050.199951171875,371.5199890136719,79.2300033569336,238.22999572753906,29.31999969482422,163.08099365234375,37.11000061035156,2.9159998893737793,,83.16999816894531,139.49000549316406,59.380001068115234,10639.2001953125,24763.119140625,7408.2998046875,66422.6015625,6210.169921875
2026-07-24,4.33,4.69,2.26,2.43,0.99,2.79,120.7105,91.74,100.31,18.58,12.569999694824219,64098.49609375,96.77999877929688,0.8168699741363525,89.30999755859375,101.47000122070312,63.33000183105469,119.56999969482422,1.137682318687439,34.58000183105469,4070.800048828125,371.8999938964844,79.2300033569336,240.13999938964844,30.100000381469727,163.83200073242188,37.06999969482422,2.871000051498413,4253.080078125,83.25,136.69000244140625,59.619998931884766,10736.2001953125,25099.0,7411.97998046875,64611.1484375,6280.93994140625
2026-07-25,,,,,,,,,,,,64311.8125,,,,,,,,,,,,,,,,,,,,,,,,,
2026-07-26,,,,,,,,,,,,65340.30078125,,,,,,,,,,,,,,,,,,,,,,,,,
2026-07-27,4.31,4.65,2.21,2.44,1.0,2.81,120.7739,84.25,91.82,18.67,12.380000114440918,63724.8984375,88.36000061035156,0.8162599802017212,82.61000061035156,101.51000213623047,63.619998931884766,119.66999816894531,1.1394972801208496,35.279998779296875,4077.0,374.6300048828125,79.2699966430664,243.91000366210938,30.969999313354492,163.61099243164062,36.97999954223633,2.7669999599456787,4161.81005859375,83.75,124.76000213623047,58.36000061035156,10781.7998046875,25361.029296875,7413.18017578125,64931.19140625,6282.2099609375
2026-07-28,4.26,4.61,2.2,2.41,1.0,2.84,120.6247,80.91,85.51,18.21,12.609999656677246,63871.36328125,84.08999633789062,0.8192840218544006,79.26000213623047,101.37999725341797,62.36000061035156,118.76000213623047,1.1369450092315674,35.650001525878906,4038.699951171875,369.3699951171875,79.41999816894531,244.97999572753906,31.860000610351562,163.77099609375,36.900001525878906,2.6619999408721924,4086.590087890625,84.23999786376953,120.48999786376953,57.56999969482422,10871.0,25464.009765625,7428.77978515625,62364.921875,6289.509765625
2026-07-29,4.22,4.67,2.26,2.41,1.0,2.87,120.7892,86.08,91.95,20.66,12.779999732971191,63908.16796875,90.73999786376953,0.8194599747657776,84.45999908447266,100.80000305175781,61.06999969482422,115.83999633789062,1.1386538743972778,36.119998931884766,4036.300048828125,371.0799865722656,79.23999786376953,236.25999450683594,30.969999313354492,163.86399841308594,36.34000015258789,2.7249999046325684,4046.1298828125,82.8499984741211,129.30999755859375,58.650001525878906,10908.400390625,25460.48046875,7316.14990234375,61434.19140625,6248.83984375
2026-07-30,4.23,4.68,2.27,2.41,0.99,2.84,119.6753,85.15,91.91,17.09,13.359999656677246,64725.30859375,89.02999877929688,0.8133900165557861,83.58999633789062,100.01000213623047,63.59000015258789,119.08000183105469,1.1467232704162598,36.52000045776367,4100.10009765625,377.1600036621094,79.47000122070312,238.1300048828125,31.68000030517578,163.3000030517578,36.91999816894531,2.757999897003174,4095.389892578125,82.80000305175781,127.4800033569336,58.959999084472656,10897.2998046875,25612.029296875,7437.6298828125,61867.4296875,6344.39990234375
2026-07-31,4.28,4.75,2.28,2.47,0.99,2.85,119.7034,86.16,96.95,15.99,13.420000076293945,62813.74609375,90.12000274658203,0.8057699799537659,84.66999816894531,99.80000305175781,64.08999633789062,119.3499984741211,1.1523525714874268,36.5,4107.0,371.5400085449219,79.4800033569336,239.66000366210938,31.280000686645508,160.18299865722656,36.959999084472656,2.746999979019165,4149.5,82.25,129.1699981689453,59.54999923706055,10868.099609375,25629.240234375,7489.72021484375,64362.01953125,6358.009765625
2026-08-01,,,,,,,,,,,,62763.3203125,,,,,,,,,,,,,,,,,,,,,,,,,
2026-08-02,,,,,,,,,,,,63482.0,,,,,,,,,,,,,,,,,,,,,,,,,
2026-08-03,4.25,4.7,2.27,2.43,0.97,2.78,119.6951,81.96,88.9,15.86,13.949999809265137,63460.8984375,83.7699966430664,0.8069999814033508,80.33999633789062,99.95999908447266,64.31999969482422,119.6500015258789,1.154401183128357,36.459999084472656,4090.5,371.7099914550781,79.30999755859375,246.0800018310547,32.66999816894531,157.58200073242188,37.66999816894531,2.7809998989105225,4111.68994140625,82.19000244140625,122.12000274658203,58.790000915527344,10857.7001953125,26001.310546875,7600.5,63754.8984375,6426.5
2026-08-04,4.2,4.63,2.23,2.4,0.97,2.73,119.5977,77.33,86.47,16.5,13.90999984741211,64055.953125,79.36000061035156,0.8103700280189514,75.7699966430664,99.88999938964844,66.0,122.77999877929688,1.150734782218933,36.310001373291016,4152.60009765625,374.1600036621094,79.55000305175781,250.64999389648438,33.400001525878906,157.5290069580078,37.939998626708984,2.681999921798706,4144.97998046875,82.81999969482422,115.77999877929688,58.52000045776367,10879.400390625,26202.349609375,7736.52001953125,63957.53125,6486.7001953125
2026-08-05,4.18,4.63,2.22,2.41,0.96,2.75,119.3881,76.78,86.65,15.81,13.970000267028809,64597.5,79.44999694824219,0.8091199994087219,75.22000122070312,99.69000244140625,65.72000122070312,120.27999877929688,1.153242826461792,36.08000183105469,4305.2001953125,389.6400146484375,79.5199966430664,252.27999877929688,33.529998779296875,157.69200134277344,37.84000015258789,2.687999963760376,4117.47021484375,83.0,114.87999725341797,57.310001373291016,10888.2998046875,26126.30078125,7723.5498046875,66300.4375,6476.97998046875
2026-08-06,4.25,4.69,2.26,2.43,0.97,2.71,119.5113,78.88,89.65,15.15,13.9399995803833,64262.11328125,82.48999786376953,0.8066700100898743,77.29000091552734,99.97000122070312,65.0199966430664,120.81999969482422,1.1557353734970093,35.95000076293945,4299.60009765625,389.6700134277344,79.45999908447266,249.99000549316406,32.63999938964844,157.60000610351562,37.650001525878906,2.640000104904175,4128.4599609375,82.5199966430664,118.87000274658203,58.15999984741211,10867.900390625,26140.130859375,7709.9599609375,65683.2578125,6502.56005859375
2026-08-07,4.19,4.65,2.25,2.4,0.97,2.7,119.0649,79.77,87.62,14.9,13.760000228881836,64880.19140625,83.55000305175781,0.8124099969863892,78.18000030517578,99.5999984741211,65.63999938964844,123.63999938964844,1.1524720191955566,36.16999816894531,4399.7001953125,398.4700012207031,79.61000061035156,250.75,32.540000915527344,158.40899658203125,37.650001525878906,2.6619999408721924,4168.97021484375,82.76000213623047,117.9800033569336,57.5,10901.099609375,26319.44921875,7757.64013671875,65606.7109375,6523.85986328125
2026-08-08,,,,,,,,,,,,64904.6875,,,,,,,,,,,,,,,,,,,,,,,,,
2026-08-09,,,,,,,,,,,,64844.88671875,,,,,,,,,,,,,,,,,,,,,,,,,
2026-08-10,4.25,4.72,2.29,2.43,0.97,2.7,119.1187,83.76,92.74,15.46,13.800000190734863,63910.5859375,87.72000122070312,0.8081700205802917,82.12999725341797,99.80999755859375,65.16999816894531,121.62000274658203,1.155641794204712,36.4900016784668,4419.7001953125,402.5400085449219,79.4800033569336,251.1300048828125,31.440000534057617,157.89100646972656,37.849998474121094,2.7939999103546143,4156.58984375,82.05999755859375,125.91999816894531,60.18000030517578,10862.5,26323.880859375,7753.10986328125,66970.21875,6535.6201171875
2026-08-11,4.22,4.7,2.27,2.43,0.98,2.72,119.179,84.77,93.26,15.28,13.789999961853027,63551.875,88.91000366210938,0.8098199963569641,83.19999694824219,99.81999969482422,65.43000030517578,121.41000366210938,1.1546411514282227,35.65999984741211,4441.10009765625,400.9599914550781,79.51000213623047,251.89999389648438,31.700000762939453,159.156005859375,37.779998779296875,2.7669999599456787,4159.06982421875,82.19000244140625,127.61000061035156,60.93000030517578,10844.2001953125,26391.419921875,7728.2001953125,,6551.22021484375
2026-08-12,4.2,4.68,2.26,2.42,0.98,2.71,119.1179,84.97,92.52,14.55,13.670000076293945,63402.43359375,88.9800033569336,0.811020016670227,83.2699966430664,100.01000213623047,66.45999908447266,123.12999725341797,1.1543744802474976,35.22999954223633,4467.5,404.9200134277344,79.61000061035156,251.6199951171875,31.6200008392334,159.26499938964844,37.810001373291016,2.803999900817871,4205.990234375,82.11000061035156,127.30000305175781,61.029998779296875,10833.2001953125,26331.0703125,7748.5,67524.0625,6533.990234375
2026-08-13,4.15,4.63,2.24,2.39,0.98,2.71,119.1848,82.77,92.03,14.63,13.890000343322754,63402.171875,87.06999969482422,0.8129000067710876,81.25,99.95999908447266,66.68000030517578,124.48999786376953,1.1530035734176636,34.86000061035156,4420.39990234375,398.9599914550781,79.79000091552734,249.69000244140625,31.860000610351562,159.3280029296875,37.880001068115234,2.7269999980926514,4216.39990234375,82.58999633789062,125.02999877929688,61.060001373291016,10772.7001953125,26299.740234375,7798.990234375,68308.59375,6545.47021484375
2026-08-14,4.17,4.68,2.27,2.41,0.98,2.67,118.9028,83.99,92.02,14.25,14.286999702453613,62975.59375,88.5199966430664,0.8141199946403503,82.4000015258789,99.66999816894531,66.61000061035156,124.69000244140625,1.1535356044769287,34.88999938964844,4437.2998046875,401.4800109863281,79.70999908447266,253.22000122070312,31.559999465942383,159.42599487304688,37.83000183105469,2.7330000400543213,4202.6298828125,82.04000091552734,126.5999984741211,61.90999984741211,10750.099609375,26440.310546875,7785.759765625,68713.796875,6539.58984375
2026-08-15,,,,,,,,,,,,63024.3203125,,,,,,,,,,,,,,,,,,,,,,,,,
2026-08-16,,,,,,,,,,,,62818.65234375,,,,,,,,,,,,,,,,,,,,,,,,,
2026-08-17,4.19,4.72,2.28,2.44,0.99,2.7,118.814,86.04,92.43,15.19,14.0,64506.25390625,90.87000274658203,0.8126500248908997,84.5,99.63999938964844,67.31999969482422,122.5,1.1573940515518188,35.099998474121094,4473.7001953125,405.489990234375,79.61000061035156,251.1999969482422,30.850000381469727,159.22300720214844,38.02000045776367,2.690000057220459,4174.52001953125,81.3499984741211,130.2899932861328,62.58000183105469,10720.2998046875,26338.609375,7745.06005859375,69220.25,6530.4501953125
2026-08-18,4.19,4.71,2.3,2.41,1.0,2.75,118.9831,86.48,95.29,15.84,13.819999694824219,64680.7109375,91.0199966430664,0.8105800151824951,84.94000244140625,99.6500015258789,65.33999633789062,122.25,1.1582788228988647,35.060001373291016,4420.60009765625,398.54998779296875,79.52999877929688,252.16000366210938,30.31999969482422,159.33999633789062,38.060001373291016,2.7760000228881836,4176.33984375,81.66000366210938,130.66000366210938,63.68000030517578,10728.0,26128.359375,7691.759765625,67460.7265625,6468.169921875
2026-08-19,4.19,4.65,2.3,2.35,1.0,2.73,118.3328,87.28,92.37,14.89,14.005000114440918,69266.1875,91.62000274658203,0.8122400045394897,85.83000183105469,98.83000183105469,66.11000061035156,123.0199966430664,1.1579434871673584,35.68000030517578,4545.2998046875,413.8399963378906,79.70999908447266,246.14999389648438,29.90999984741211,159.5500030517578,38.119998931884766,2.813999891281128,4167.91015625,83.0199966430664,130.91000366210938,63.58000183105469,10743.400390625,26091.330078125,7707.97998046875,65326.421875,6444.4599609375
2026-08-20,4.19,4.69,2.34,2.35,1.0,2.75,118.2548,89.75,94.0,16.01,14.1899995803833,73032.7578125,93.77999877929688,0.7977700233459473,87.83000183105469,98.9000015258789,66.62000274658203,121.12999725341797,1.1673787832260132,35.66999816894531,4571.39990234375,415.260009765625,79.55999755859375,237.55999755859375,29.260000228881836,158.2760009765625,38.25,2.7330000400543213,4155.830078125,82.33999633789062,134.5399932861328,63.75,10748.2001953125,25983.0390625,7641.16015625,66216.7890625,6422.06005859375
2026-08-21,4.24,4.74,2.34,2.4,1.0,2.7,118.0628,87.21,96.92,15.13,14.75,78335.1875,94.38999938964844,0.799589991569519,87.05999755859375,98.80000305175781,67.12000274658203,122.80000305175781,1.1687841415405273,35.86000061035156,4680.60009765625,423.3599853515625,79.61000061035156,237.33999633789062,29.56999969482422,158.88299560546875,38.310001373291016,2.7730000019073486,4171.89990234375,82.05000305175781,134.63999938964844,63.63999938964844,10816.599609375,26136.560546875,7674.3701171875,66016.359375,6462.22021484375
2026-08-22,,,,,,,,,,,,77083.4140625,,,,,,,,,,,,,,,,,,,,,,,,,
2026-08-23,,,,,,,,,,,,77755.265625,,,,,,,,,,,,,,,,,,,,,,,,,
2026-08-24,4.24,4.7,2.32,2.38,1.0,2.69,118.3195,86.34,92.71,15.85,14.6899995803833,78964.484375,92.16999816894531,0.8006299734115601,85.01000213623047,99.0,66.11000061035156,121.38999938964844,1.1681560277938843,35.54999923706055,4697.7998046875,426.69000244140625,79.69999694824219,233.39999389648438,29.670000076293945,158.9040069580078,39.029998779296875,2.7820000648498535,4126.5498046875,82.55999755859375,132.2100067138672,63.11000061035156,10854.2998046875,26106.599609375,7652.85986328125,65528.08984375,6447.97998046875
2026-08-25,4.17,4.64,2.32,2.32,1.0,2.7,118.2283,83.9,88.24,15.45,15.0649995803833,78564.9765625,88.58000183105469,0.8019999861717224,82.36000061035156,98.91999816894531,67.25,122.73999786376953,1.1668338775634766,35.560001373291016,4694.5,428.07000732421875,79.91999816894531,234.3000030517578,30.09000015258789,159.13900756835938,39.2599983215332,2.7699999809265137,4140.89990234375,83.47000122070312,126.1500015258789,62.060001373291016,10886.2001953125,26266.140625,7677.27978515625,65856.4296875,6455.6298828125
2026-08-26,4.19,4.66,2.32,2.34,0.99,2.67,118.4461,83.46,87.77,15.21,15.0600004196167,79027.421875,87.83999633789062,0.8017200231552124,82.2300033569336,99.16999816894531,67.16999816894531,123.70999908447266,1.1674741506576538,35.54999923706055,4653.2998046875,421.32000732421875,79.9000015258789,236.3800048828125,29.760000228881836,159.22300720214844,39.47999954223633,2.8420000076293945,4145.3798828125,83.30000305175781,127.3499984741211,62.43000030517578,10878.099609375,26285.9609375,7675.7001953125,66262.15625,6470.740234375
2026-08-27,4.2,4.67,2.33,2.34,0.98,2.63,118.3583,84.81,90.18,14.51,14.819999694824219,80257.5390625,89.69999694824219,0.8050500154495239,83.52999877929688,99.16000366210938,67.61000061035156,125.13999938964844,1.1654876470565796,35.2400016784668,4664.0,422.6000061035156,79.87000274658203,234.25999450683594,29.350000381469727,159.2550048828125,39.29999923706055,2.9070000648498535,4193.68017578125,83.12999725341797,130.00999450683594,62.290000915527344,10792.5,26367.240234375,7730.990234375,66131.9765625,6424.72998046875
2026-08-28,4.34,4.73,2.31,2.42,0.97,2.6,118.7479,84.57,89.75,14.43,15.520000457763672,77830.2890625,89.30999755859375,0.8037599921226501,83.4000015258789,99.69999694824219,67.13999938964844,123.25,1.1656370162963867,35.5099983215332,4529.89990234375,408.8900146484375,79.73999786376953,232.82000732421875,29.18000030517578,159.3209991455078,39.2599983215332,2.888000011444092,4172.259765625,82.87999725341797,129.6999969482422,62.68000030517578,10824.2998046875,26569.990234375,7711.759765625,66405.5625,6485.669921875
2026-08-29,,,,,,,,,,,,78245.8125,,,,,,,,,,,,,,,,,,,,,,,,,
2026-08-30,,,,,,,,,,,,77667.5703125,,,,,,,,,,,,,,,,,,,,,,,,,
2026-08-31,4.34,4.75,2.31,2.44,0.98,2.63,118.5679,87.03,,14.92,15.470000267028809,78548.6328125,90.48999786376953,0.8088399767875671,85.76000213623047,99.43000030517578,67.0199966430664,122.80000305175781,1.1588962078094482,35.369998931884766,4481.5,408.4200134277344,79.80999755859375,228.35000610351562,28.5,160.1219940185547,38.79999923706055,2.934999942779541,4138.580078125,82.5199966430664,133.6999969482422,63.959999084472656,,26258.109375,7686.14013671875,66311.9296875,6420.16015625
2026-09-01,4.39,4.79,2.35,2.44,0.99,2.65,118.6568,91.48,96.02,16.34,15.795000076293945,77403.625,94.6500015258789,0.8082000017166138,90.22000122070312,99.66999816894531,66.7699966430664,121.25,1.1617640256881714,35.34000015258789,4396.39990234375,396.75,79.0999984741211,225.4600067138672,27.889999389648438,159.7469940185547,38.619998931884766,2.9040000438690186,4147.81005859375,81.87000274658203,141.0,64.7699966430664,10789.2998046875,25970.109375,7631.47021484375,66215.34375,6368.97998046875
2026-09-02,4.39,4.79,2.34,2.45,0.99,2.66,118.5296,92.15,97.59,15.2,16.579999923706055,77300.4765625,95.62999725341797,0.8116999864578247,91.01000213623047,99.55999755859375,67.1500015258789,124.16999816894531,1.1595547199249268,35.540000915527344,4414.60009765625,402.7799987792969,79.11000061035156,223.3699951171875,28.329999923706055,160.1959991455078,38.43000030517578,2.9560000896453857,4201.89013671875,81.94999694824219,141.14999389648438,65.0999984741211,10756.5,25839.330078125,7666.60009765625,64325.640625,6362.14990234375
2026-09-03,4.34,4.77,2.35,2.42,1.0,2.65,118.127,92.55,100.52,14.32,16.139999389648438,81271.7421875,95.5199966430664,0.8129799962043762,91.30000305175781,99.0,67.47000122070312,125.98999786376953,1.1585336923599243,35.34000015258789,4539.89990234375,410.2200012207031,79.20999908447266,225.97999572753906,28.420000076293945,158.92300415039062,38.529998779296875,2.9130001068115234,4235.41015625,82.06999969482422,142.08999633789062,64.62000274658203,10831.5,26003.3203125,7747.7099609375,64214.48046875,6382.58984375
2026-09-04,4.37,4.78,2.35,2.43,0.99,2.68,118.0732,92.69,102.24,14.53,16.559999465942383,79671.96875,96.27999877929688,0.8075100183486938,91.4800033569336,99.16000366210938,68.69999694824219,126.30999755859375,1.1628313064575195,35.880001068115234,4476.60009765625,406.7699890136719,79.16000366210938,225.61000061035156,28.799999237060547,155.66000366210938,38.5099983215332,2.9749999046325684,4263.080078125,82.20999908447266,141.9600067138672,64.05999755859375,10831.099609375,26046.400390625,7718.60009765625,65020.94140625,6392.93017578125
2026-09-05,,,,,,,,,,,,79823.8671875,,,,,,,,,,,,,,,,,,,,,,,,,
2026-09-06,,,,,,,,,,,,80350.046875,,,,,,,,,,,,,,,,,,,,,,,,,
2026-09-07,,,,,0.99,2.68,,,104.47,15.3,,79115.8515625,,0.8099300265312195,,,,,1.1613997220993042,,,,,,,156.19700622558594,,,4311.009765625,,,,10822.099609375,26006.529296875,,66399.84375,6403.990234375
2026-09-08,4.39,4.8,2.37,2.43,0.99,2.67,117.9127,94.21,106.12,15.72,16.299999237060547,78438.578125,97.91999816894531,0.8089900016784668,93.02999877929688,98.83999633789062,68.83000183105469,125.31999969482422,1.1627637147903442,35.0,4439.0,399.7200012207031,79.12000274658203,223.52999877929688,28.270000457763672,153.85499572753906,38.439998626708984,2.9159998893737793,4276.22021484375,82.19999694824219,146.02999877929688,64.7699966430664,10811.7001953125,26007.630859375,7673.52001953125,65269.328125,6413.169921875
2026-09-09,4.43,4.83,2.37,2.46,0.99,2.71,117.8834,97.26,109.51,16.46,16.100000381469727,78259.5234375,101.20999908447266,0.8091099858283997,96.05000305175781,98.7699966430664,68.4800033569336,124.93000030517578,1.1627366542816162,34.54999923706055,4460.7001953125,403.3500061035156,78.9800033569336,219.4499969482422,28.020000457763672,153.47799682617188,38.29999923706055,2.822000026702881,4273.7001953125,81.7300033569336,149.97000122070312,65.30999755859375,10670.099609375,25576.44921875,7636.35986328125,65142.78125,6311.56005859375
2026-09-10,4.56,4.95,2.4,2.55,0.98,2.7,118.0787,103.57,120.98,17.84,15.920000076293945,76568.125,107.62999725341797,0.8100000023841858,102.4800033569336,99.08999633789062,67.0,122.16000366210938,1.1633858680725098,34.349998474121094,4407.2998046875,396.3599853515625,78.62000274658203,218.32000732421875,27.84000015258789,153.572998046875,38.22999954223633,2.8340001106262207,4221.43994140625,80.77999877929688,158.3800048828125,64.93000030517578,10608.900390625,25361.150390625,7591.7001953125,65270.94921875,6268.97021484375
2026-09-11,4.63,4.96,2.36,2.6,0.97,2.65,118.2126,101.27,118.06,15.84,16.010000228881836,77173.796875,104.61000061035156,0.8132200241088867,100.05000305175781,99.12000274658203,67.83999633789062,123.72000122070312,1.1609952449798584,34.4900016784668,4408.89990234375,398.7699890136719,78.5999984741211,219.00999450683594,28.170000076293945,154.48199462890625,38.220001220703125,2.8310000896453857,,80.87000274658203,154.89999389648438,65.13999938964844,10650.400390625,25568.560546875,7656.97998046875,64011.33984375,6325.1298828125
2026-09-12,,,,,,,,,,,,77270.46875,,,,,,,,,,,,,,,,,,,,,,,,,
2026-09-13,,,,,,,,,,,,76838.15625,,,,,,,,,,,,,,,,,,,,,,,,,
2026-09-14,4.65,4.97,2.37,2.6,0.98,2.71,,102.42,121.25,17.1,15.300000190734863,78163.3828125,105.68000030517578,0.8166499733924866,101.38999938964844,99.45999908447266,65.98999786376953,123.02999877929688,1.1593934297561646,34.84000015258789,4351.89990234375,392.8399963378906,78.52999877929688,216.77000427246094,28.18000030517578,153.4239959716797,37.79999923706055,2.8959999084472656,4227.56005859375,80.93000030517578,156.66000366210938,64.52999877929688,10697.599609375,25440.810546875,7619.97998046875,63492.98828125,6260.3798828125
2026-09-15,4.67,5.0,2.38,2.62,0.98,2.76,,107.02,130.8,17.2,15.329999923706055,75612.5078125,108.75,0.8170999884605408,105.83000183105469,99.6500015258789,65.76000213623047,122.62000274658203,1.154854416847229,34.400001525878906,4332.7998046875,394.1499938964844,78.37999725341797,214.0,27.8799991607666,154.38499450683594,37.41999816894531,2.9189999103546143,4191.4599609375,80.70999908447266,161.86000061035156,65.93000030517578,10658.099609375,25402.279296875,7585.72998046875,63484.1015625,6236.5
2026-09-16,4.74,5.01,2.33,2.68,0.96,2.7,,,,17.71,15.300000190734863,76150.3203125,105.83000183105469,0.8190659880638123,102.43000030517578,100.30999755859375,65.72000122070312,123.26000213623047,1.153761863708496,33.91999816894531,4387.5,391.739990234375,78.41999816894531,215.27000427246094,27.799999237060547,155.26600646972656,37.22999954223633,2.8910000324249268,4246.83984375,80.87999725341797,156.1699981689453,64.02999877929688,10688.5,25537.75,7551.81005859375,63923.0,6266.5
2026-09-17,4.67,4.94,2.33,2.61,0.95,2.7,,,,15.44,15.789999961853027,76403.7734375,104.81999969482422,0.8253200054168701,101.91000366210938,100.22000122070312,66.91000366210938,125.37999725341797,1.1469862461090088,34.189998626708984,4399.7001953125,398.3599853515625,78.72000122070312,213.8800048828125,28.170000076293945,156.01400756835938,37.459999084472656,2.9010000228881836,4289.97998046875,81.77999877929688,155.30999755859375,64.4800033569336,10816.099609375,25716.7109375,7637.759765625,64136.25,6322.89990234375
2026-09-18,,,2.33,,,,,,,,15.720000267028809,80901.4609375,103.87000274658203,0.8218100070953369,100.30000305175781,100.22000122070312,67.02999877929688,124.76000213623047,1.1490291357040405,34.31999969482422,4424.89990234375,401.1700134277344,78.52999877929688,213.83999633789062,28.219999313354492,156.12899780273438,37.43000030517578,2.9119999408721924,,81.25,153.82000732421875,64.30999755859375,10659.099609375,25304.060546875,7650.5,65018.94921875,6236.2001953125
